[2026-05-23 10:17:52] empire.memory3d DEBUG: 记忆形成: test_agent [episodic] 测试记忆内容...
[2026-05-23 10:17:52] empire.memory3d DEBUG: 因果关系: 下雨 → 地面湿 (置信度=0.90)
[2026-05-23 10:17:52] empire.memory3d INFO: 帝国图书馆: agent1 发布知识 [general] 如何高效编程...
[2026-05-23 10:17:52] empire.memory3d DEBUG: 注册触发规则: ['test', '测试'] -> 测试规则
[2026-05-23 10:22:02] empire.memory3d DEBUG: 因果关系: 下雨 → 地面湿 (置信度=0.90)
[2026-05-23 10:22:02] empire.memory3d DEBUG: 因果关系: 下雨 → 交通拥堵 (置信度=0.60)
[2026-05-23 10:22:02] empire.memory3d DEBUG: 因果关系: X → Y (置信度=0.90)
[2026-05-23 10:22:02] empire.memory3d DEBUG: 因果关系: Y → Z (置信度=0.80)
[2026-05-23 10:22:02] empire.memory3d DEBUG: 因果关系: A → B (置信度=0.90)
[2026-05-23 10:22:02] empire.memory3d DEBUG: 因果关系: B → A (置信度=0.80)
[2026-05-23 10:22:02] empire.memory3d DEBUG: 因果关系: A → B (置信度=0.90)
[2026-05-23 10:22:02] empire.memory3d DEBUG: 因果关系: B → C (置信度=0.80)
[2026-05-23 10:22:02] empire.memory3d DEBUG: 因果关系: C → D (置信度=0.70)
[2026-05-23 10:22:02] empire.memory3d DEBUG: 因果关系: A → B (置信度=1.50)
[2026-05-23 10:22:02] empire.memory3d DEBUG: 因果关系: C → D (置信度=-0.50)
[2026-05-23 10:22:02] empire.memory3d DEBUG: 因果关系: X → Y (置信度=0.90)
[2026-05-23 10:22:02] empire.memory3d DEBUG: 因果关系: Y → Z (置信度=0.80)
[2026-05-23 10:22:02] empire.memory3d DEBUG: 因果关系: A → B (置信度=0.90)
[2026-05-23 10:22:02] empire.memory3d DEBUG: 因果关系: bug → crash (置信度=0.80)
[2026-05-23 10:22:02] empire.memory3d DEBUG: 因果关系: memory_leak → crash (置信度=0.70)
[2026-05-23 10:22:02] empire.memory3d DEBUG: 因果关系: A → B (置信度=0.30)
[2026-05-23 10:22:02] empire.memory3d DEBUG: 因果关系: A → C (置信度=0.80)
[2026-05-23 10:22:02] empire.memory3d DEBUG: 因果关系: cause → effect (置信度=0.85)
[2026-05-23 10:22:02] empire.memory3d DEBUG: 因果关系: A → B (置信度=0.90)
[2026-05-23 10:22:02] empire.memory3d DEBUG: 因果关系: t0_cause_0 → t0_effect_0 (置信度=0.50)
[2026-05-23 10:22:02] empire.memory3d DEBUG: 因果关系: t0_cause_1 → t0_effect_1 (置信度=0.50)
[2026-05-23 10:22:02] empire.memory3d DEBUG: 因果关系: t0_cause_2 → t0_effect_2 (置信度=0.50)
[2026-05-23 10:22:02] empire.memory3d DEBUG: 因果关系: t0_cause_3 → t0_effect_3 (置信度=0.50)
[2026-05-23 10:22:02] empire.memory3d DEBUG: 因果关系: t0_cause_4 → t0_effect_4 (置信度=0.50)
[2026-05-23 10:22:02] empire.memory3d DEBUG: 因果关系: t0_cause_5 → t0_effect_5 (置信度=0.50)
[2026-05-23 10:22:02] empire.memory3d DEBUG: 因果关系: t0_cause_6 → t0_effect_6 (置信度=0.50)
[2026-05-23 10:22:02] empire.memory3d DEBUG: 因果关系: t0_cause_7 → t0_effect_7 (置信度=0.50)
[2026-05-23 10:22:02] empire.memory3d DEBUG: 因果关系: t0_cause_8 → t0_effect_8 (置信度=0.50)
[2026-05-23 10:22:02] empire.memory3d DEBUG: 因果关系: t0_cause_9 → t0_effect_9 (置信度=0.50)
[2026-05-23 10:22:02] empire.memory3d DEBUG: 因果关系: t0_cause_10 → t0_effect_10 (置信度=0.50)
[2026-05-23 10:22:02] empire.memory3d DEBUG: 因果关系: t0_cause_11 → t0_effect_11 (置信度=0.50)
[2026-05-23 10:22:02] empire.memory3d DEBUG: 因果关系: t0_cause_12 → t0_effect_12 (置信度=0.50)
[2026-05-23 10:22:02] empire.memory3d DEBUG: 因果关系: t0_cause_13 → t0_effect_13 (置信度=0.50)
[2026-05-23 10:22:02] empire.memory3d DEBUG: 因果关系: t0_cause_14 → t0_effect_14 (置信度=0.50)
[2026-05-23 10:22:02] empire.memory3d DEBUG: 因果关系: t0_cause_15 → t0_effect_15 (置信度=0.50)
[2026-05-23 10:22:02] empire.memory3d DEBUG: 因果关系: t0_cause_16 → t0_effect_16 (置信度=0.50)
[2026-05-23 10:22:02] empire.memory3d DEBUG: 因果关系: t0_cause_17 → t0_effect_17 (置信度=0.50)
[2026-05-23 10:22:02] empire.memory3d DEBUG: 因果关系: t0_cause_18 → t0_effect_18 (置信度=0.50)
[2026-05-23 10:22:02] empire.memory3d DEBUG: 因果关系: t0_cause_19 → t0_effect_19 (置信度=0.50)
[2026-05-23 10:22:02] empire.memory3d DEBUG: 因果关系: t3_cause_0 → t3_effect_0 (置信度=0.50)
[2026-05-23 10:22:02] empire.memory3d DEBUG: 因果关系: t3_cause_1 → t3_effect_1 (置信度=0.50)
[2026-05-23 10:22:02] empire.memory3d DEBUG: 因果关系: t3_cause_2 → t3_effect_2 (置信度=0.50)
[2026-05-23 10:22:02] empire.memory3d DEBUG: 因果关系: t3_cause_3 → t3_effect_3 (置信度=0.50)
[2026-05-23 10:22:02] empire.memory3d DEBUG: 因果关系: t3_cause_4 → t3_effect_4 (置信度=0.50)
[2026-05-23 10:22:02] empire.memory3d DEBUG: 因果关系: t3_cause_5 → t3_effect_5 (置信度=0.50)
[2026-05-23 10:22:02] empire.memory3d DEBUG: 因果关系: t3_cause_6 → t3_effect_6 (置信度=0.50)
[2026-05-23 10:22:02] empire.memory3d DEBUG: 因果关系: t3_cause_7 → t3_effect_7 (置信度=0.50)
[2026-05-23 10:22:02] empire.memory3d DEBUG: 因果关系: t3_cause_8 → t3_effect_8 (置信度=0.50)
[2026-05-23 10:22:02] empire.memory3d DEBUG: 因果关系: t3_cause_9 → t3_effect_9 (置信度=0.50)
[2026-05-23 10:22:02] empire.memory3d DEBUG: 因果关系: t3_cause_10 → t3_effect_10 (置信度=0.50)
[2026-05-23 10:22:02] empire.memory3d DEBUG: 因果关系: t3_cause_11 → t3_effect_11 (置信度=0.50)
[2026-05-23 10:22:02] empire.memory3d DEBUG: 因果关系: t3_cause_12 → t3_effect_12 (置信度=0.50)
[2026-05-23 10:22:02] empire.memory3d DEBUG: 因果关系: t3_cause_13 → t3_effect_13 (置信度=0.50)
[2026-05-23 10:22:02] empire.memory3d DEBUG: 因果关系: t3_cause_14 → t3_effect_14 (置信度=0.50)
[2026-05-23 10:22:02] empire.memory3d DEBUG: 因果关系: t3_cause_15 → t3_effect_15 (置信度=0.50)
[2026-05-23 10:22:02] empire.memory3d DEBUG: 因果关系: t3_cause_16 → t3_effect_16 (置信度=0.50)
[2026-05-23 10:22:02] empire.memory3d DEBUG: 因果关系: t3_cause_17 → t3_effect_17 (置信度=0.50)
[2026-05-23 10:22:02] empire.memory3d DEBUG: 因果关系: t3_cause_18 → t3_effect_18 (置信度=0.50)
[2026-05-23 10:22:02] empire.memory3d DEBUG: 因果关系: t3_cause_19 → t3_effect_19 (置信度=0.50)
[2026-05-23 10:22:02] empire.memory3d DEBUG: 因果关系: t2_cause_0 → t2_effect_0 (置信度=0.50)
[2026-05-23 10:22:02] empire.memory3d DEBUG: 因果关系: t2_cause_1 → t2_effect_1 (置信度=0.50)
[2026-05-23 10:22:02] empire.memory3d DEBUG: 因果关系: t2_cause_2 → t2_effect_2 (置信度=0.50)
[2026-05-23 10:22:02] empire.memory3d DEBUG: 因果关系: t2_cause_3 → t2_effect_3 (置信度=0.50)
[2026-05-23 10:22:02] empire.memory3d DEBUG: 因果关系: t2_cause_4 → t2_effect_4 (置信度=0.50)
[2026-05-23 10:22:02] empire.memory3d DEBUG: 因果关系: t2_cause_5 → t2_effect_5 (置信度=0.50)
[2026-05-23 10:22:02] empire.memory3d DEBUG: 因果关系: t2_cause_6 → t2_effect_6 (置信度=0.50)
[2026-05-23 10:22:02] empire.memory3d DEBUG: 因果关系: t2_cause_7 → t2_effect_7 (置信度=0.50)
[2026-05-23 10:22:02] empire.memory3d DEBUG: 因果关系: t2_cause_8 → t2_effect_8 (置信度=0.50)
[2026-05-23 10:22:02] empire.memory3d DEBUG: 因果关系: t2_cause_9 → t2_effect_9 (置信度=0.50)
[2026-05-23 10:22:02] empire.memory3d DEBUG: 因果关系: t2_cause_10 → t2_effect_10 (置信度=0.50)
[2026-05-23 10:22:02] empire.memory3d DEBUG: 因果关系: t2_cause_11 → t2_effect_11 (置信度=0.50)
[2026-05-23 10:22:02] empire.memory3d DEBUG: 因果关系: t2_cause_12 → t2_effect_12 (置信度=0.50)
[2026-05-23 10:22:02] empire.memory3d DEBUG: 因果关系: t2_cause_13 → t2_effect_13 (置信度=0.50)
[2026-05-23 10:22:02] empire.memory3d DEBUG: 因果关系: t2_cause_14 → t2_effect_14 (置信度=0.50)
[2026-05-23 10:22:02] empire.memory3d DEBUG: 因果关系: t2_cause_15 → t2_effect_15 (置信度=0.50)
[2026-05-23 10:22:02] empire.memory3d DEBUG: 因果关系: t2_cause_16 → t2_effect_16 (置信度=0.50)
[2026-05-23 10:22:02] empire.memory3d DEBUG: 因果关系: t2_cause_17 → t2_effect_17 (置信度=0.50)
[2026-05-23 10:22:02] empire.memory3d DEBUG: 因果关系: t2_cause_18 → t2_effect_18 (置信度=0.50)
[2026-05-23 10:22:02] empire.memory3d DEBUG: 因果关系: t2_cause_19 → t2_effect_19 (置信度=0.50)
[2026-05-23 10:22:02] empire.memory3d DEBUG: 因果关系: t1_cause_0 → t1_effect_0 (置信度=0.50)
[2026-05-23 10:22:02] empire.memory3d DEBUG: 因果关系: t1_cause_1 → t1_effect_1 (置信度=0.50)
[2026-05-23 10:22:02] empire.memory3d DEBUG: 因果关系: t1_cause_2 → t1_effect_2 (置信度=0.50)
[2026-05-23 10:22:02] empire.memory3d DEBUG: 因果关系: t1_cause_3 → t1_effect_3 (置信度=0.50)
[2026-05-23 10:22:02] empire.memory3d DEBUG: 因果关系: t1_cause_4 → t1_effect_4 (置信度=0.50)
[2026-05-23 10:22:02] empire.memory3d DEBUG: 因果关系: t1_cause_5 → t1_effect_5 (置信度=0.50)
[2026-05-23 10:22:02] empire.memory3d DEBUG: 因果关系: t1_cause_6 → t1_effect_6 (置信度=0.50)
[2026-05-23 10:22:02] empire.memory3d DEBUG: 因果关系: t1_cause_7 → t1_effect_7 (置信度=0.50)
[2026-05-23 10:22:02] empire.memory3d DEBUG: 因果关系: t1_cause_8 → t1_effect_8 (置信度=0.50)
[2026-05-23 10:22:02] empire.memory3d DEBUG: 因果关系: t1_cause_9 → t1_effect_9 (置信度=0.50)
[2026-05-23 10:22:02] empire.memory3d DEBUG: 因果关系: t1_cause_10 → t1_effect_10 (置信度=0.50)
[2026-05-23 10:22:02] empire.memory3d DEBUG: 因果关系: t1_cause_11 → t1_effect_11 (置信度=0.50)
[2026-05-23 10:22:02] empire.memory3d DEBUG: 因果关系: t1_cause_12 → t1_effect_12 (置信度=0.50)
[2026-05-23 10:22:02] empire.memory3d DEBUG: 因果关系: t1_cause_13 → t1_effect_13 (置信度=0.50)
[2026-05-23 10:22:02] empire.memory3d DEBUG: 因果关系: t1_cause_14 → t1_effect_14 (置信度=0.50)
[2026-05-23 10:22:02] empire.memory3d DEBUG: 因果关系: t1_cause_15 → t1_effect_15 (置信度=0.50)
[2026-05-23 10:22:02] empire.memory3d DEBUG: 因果关系: t1_cause_16 → t1_effect_16 (置信度=0.50)
[2026-05-23 10:22:02] empire.memory3d DEBUG: 因果关系: t1_cause_17 → t1_effect_17 (置信度=0.50)
[2026-05-23 10:22:02] empire.memory3d DEBUG: 因果关系: t1_cause_18 → t1_effect_18 (置信度=0.50)
[2026-05-23 10:22:02] empire.memory3d DEBUG: 因果关系: t1_cause_19 → t1_effect_19 (置信度=0.50)
[2026-05-23 10:22:02] empire.memory3d DEBUG: 因果关系: root → child1 (置信度=0.90)
[2026-05-23 10:22:02] empire.memory3d DEBUG: 因果关系: root → child2 (置信度=0.70)
[2026-05-23 10:22:02] empire.memory3d INFO: 帝国图书馆: admin 发布知识 [general] secret knowledge...
[2026-05-23 10:22:02] empire.memory3d INFO: 帝国图书馆: admin 发布知识 [general] my knowledge...
[2026-05-23 10:22:02] empire.memory3d INFO: 帝国图书馆: a 发布知识 [general] public...
[2026-05-23 10:22:02] empire.memory3d INFO: 帝国图书馆: b 发布知识 [general] restricted...
[2026-05-23 10:22:02] empire.memory3d INFO: 帝国图书馆: c 发布知识 [general] secret...
[2026-05-23 10:22:02] empire.memory3d INFO: 帝国图书馆: alice 发布知识 [general] A...
[2026-05-23 10:22:02] empire.memory3d INFO: 帝国图书馆: alice 发布知识 [general] B...
[2026-05-23 10:22:02] empire.memory3d INFO: 帝国图书馆: bob 发布知识 [general] C...
[2026-05-23 10:22:02] empire.memory3d INFO: 帝国图书馆: a 发布知识 [technical] A...
[2026-05-23 10:22:02] empire.memory3d INFO: 帝国图书馆: b 发布知识 [strategy] B...
[2026-05-23 10:22:02] empire.memory3d INFO: 帝国图书馆: a 发布知识 [general] A...
[2026-05-23 10:22:02] empire.memory3d INFO: 帝国图书馆: b 发布知识 [general] B...
[2026-05-23 10:22:02] empire.memory3d INFO: 帝国图书馆: a 发布知识 [technical] A...
[2026-05-23 10:22:02] empire.memory3d INFO: 帝国图书馆: b 发布知识 [strategy] B...
[2026-05-23 10:22:02] empire.memory3d INFO: 帝国图书馆: a 发布知识 [general] v1...
[2026-05-23 10:22:02] empire.memory3d INFO: 帝国图书馆: a 发布知识 [general] content...
[2026-05-23 10:22:02] empire.memory3d INFO: 帝国图书馆: agent1 发布知识 [general] persistent knowledge...
[2026-05-23 10:22:02] empire.memory3d INFO: 帝国图书馆: agent1 发布知识 [technical] 如何使用 Python 进行数据分析...
[2026-05-23 10:22:02] empire.memory3d INFO: 帝国图书馆: agent1 发布知识 [invalid_category] test...
[2026-05-23 10:22:02] empire.memory3d INFO: 帝国图书馆: agent1 发布知识 [general] original...
[2026-05-23 10:22:02] empire.memory3d INFO: 帝国图书馆: agent1 发布知识 [general] content...
[2026-05-23 10:22:02] empire.memory3d INFO: 帝国图书馆: a 发布知识 [technical] tech content...
[2026-05-23 10:22:02] empire.memory3d INFO: 帝国图书馆: b 发布知识 [strategy] strategy content...
[2026-05-23 10:22:02] empire.memory3d INFO: 帝国图书馆: a 发布知识 [general] content A...
[2026-05-23 10:22:02] empire.memory3d INFO: 帝国图书馆: b 发布知识 [general] content B...
[2026-05-23 10:22:02] empire.memory3d INFO: 帝国图书馆: agent1 发布知识 [general] version 1...
[2026-05-23 10:22:02] empire.memory3d INFO: 帝国图书馆: agent1 发布知识 [general] Python 是最好的语言...
[2026-05-23 10:22:02] empire.memory3d INFO: 帝国图书馆: agent2 发布知识 [general] Python 适合数据科学...
[2026-05-23 10:22:02] empire.memory3d DEBUG: 记忆形成: pipe_agent [episodic] Python 是最好的语言...
[2026-05-23 10:22:02] empire.memory3d DEBUG: 记忆形成: pipe_agent [episodic] Python 适合数据科学...
[2026-05-23 10:22:02] empire.memory3d DEBUG: 记忆形成: integ_agent [episodic] 部署新版本导致服务崩溃...
[2026-05-23 10:22:02] empire.memory3d DEBUG: 记忆形成: integ_agent [episodic] 数据库连接池耗尽导致超时...
[2026-05-23 10:22:02] empire.memory3d DEBUG: 因果关系: 部署新版本 → 服务崩溃 (置信度=0.85)
[2026-05-23 10:22:02] empire.memory3d DEBUG: 因果关系: 数据库连接池耗尽 → 请求超时 (置信度=0.90)
[2026-05-23 10:22:02] empire.memory3d DEBUG: 记忆形成: combo_agent [episodic] 服务器磁盘空间不足...
[2026-05-23 10:22:02] empire.memory3d DEBUG: 因果关系: 磁盘空间不足 → 服务宕机 (置信度=0.90)
[2026-05-23 10:22:02] empire.memory3d DEBUG: 注册触发规则: ['磁盘', 'disk'] -> 2693ee7604
[2026-05-23 10:22:02] empire.memory3d DEBUG: 记忆形成: agent1 [episodic] low...
[2026-05-23 10:22:02] empire.memory3d DEBUG: 记忆形成: agent1 [episodic] high...
[2026-05-23 10:22:02] empire.memory3d DEBUG: 记忆形成: agent1 [episodic] first...
[2026-05-23 10:22:02] empire.memory3d DEBUG: 记忆形成: agent1 [episodic] second...
[2026-05-23 10:22:02] empire.memory3d DEBUG: 记忆形成: agent1 [episodic] old interface...
[2026-05-23 10:22:02] empire.memory3d DEBUG: 记忆形成: agent1 [episodic] important event...
[2026-05-23 10:22:02] empire.memory3d DEBUG: 巩固 1 条记忆
[2026-05-23 10:22:02] empire.memory3d DEBUG: 记忆形成: agent1 [episodic] recent event...
[2026-05-23 10:22:02] empire.memory3d DEBUG: 记忆形成: agent1 [semantic] some knowledge...
[2026-05-23 10:22:02] empire.memory3d DEBUG: 记忆形成: agent1 [procedural] a skill...
[2026-05-23 10:22:02] empire.memory3d DEBUG: 记忆形成: agent1 [semantic] shared knowledge...
[2026-05-23 10:22:02] empire.memory3d DEBUG: 记忆形成: agent2 [semantic] shared knowledge...
[2026-05-23 10:22:02] empire.memory3d DEBUG: 记忆形成: agent1 [episodic] episodic event...
[2026-05-23 10:22:02] empire.memory3d DEBUG: 记忆形成: agent1 [semantic] public fact...
[2026-05-23 10:22:02] empire.memory3d DEBUG: 记忆形成: agent1 [episodic] forgettable...
[2026-05-23 10:22:02] empire.memory3d DEBUG: 遗忘 1 条记忆
[2026-05-23 10:22:02] empire.memory3d DEBUG: 记忆形成: agent1 [episodic] Python 是一种编程语言...
[2026-05-23 10:22:02] empire.memory3d DEBUG: 记忆形成: agent1 [episodic] test...
[2026-05-23 10:22:02] empire.memory3d DEBUG: 记忆形成: agent1 [episodic] a...
[2026-05-23 10:22:02] empire.memory3d DEBUG: 记忆形成: agent1 [semantic] b...
[2026-05-23 10:22:02] empire.memory3d DEBUG: 记忆形成: agent1 [episodic] lifecycle test...
[2026-05-23 10:22:02] empire.memory3d DEBUG: 巩固 1 条记忆
[2026-05-23 10:22:02] empire.memory3d DEBUG: 记忆形成: persist_agent [episodic] persistent memory...
[2026-05-23 10:22:02] empire.memory3d DEBUG: 记忆形成: agent1 [episodic] original...
[2026-05-23 10:22:02] empire.memory3d DEBUG: 记忆形成: distill_agent [episodic] Python 编程语言学习第1天...
[2026-05-23 10:22:02] empire.memory3d DEBUG: 记忆形成: distill_agent [episodic] Python 编程语言学习第2天...
[2026-05-23 10:22:02] empire.memory3d DEBUG: 记忆形成: distill_agent [episodic] Python 编程语言学习第3天...
[2026-05-23 10:22:02] empire.memory3d DEBUG: 记忆形成: distill_agent [episodic] Python 编程语言学习第4天...
[2026-05-23 10:22:02] empire.memory3d DEBUG: 记忆形成: distill_agent [episodic] Python 编程语言学习第5天...
[2026-05-23 10:22:02] empire.memory3d DEBUG: 记忆形成: distill_agent [episodic] 机器学习模型训练经验1...
[2026-05-23 10:22:02] empire.memory3d DEBUG: 记忆形成: distill_agent [episodic] 机器学习模型训练经验2...
[2026-05-23 10:22:02] empire.memory3d DEBUG: 记忆形成: distill_agent [episodic] 机器学习模型训练经验3...
[2026-05-23 10:22:02] empire.memory3d DEBUG: 记忆形成: distill_agent [episodic] 机器学习模型训练经验4...
[2026-05-23 10:22:02] empire.memory3d DEBUG: 记忆形成: distill_agent [episodic] Python 机器学习实践1...
[2026-05-23 10:22:02] empire.memory3d DEBUG: 记忆形成: distill_agent [episodic] Python 机器学习实践2...
[2026-05-23 10:22:02] empire.memory3d DEBUG: 记忆形成: distill_agent [episodic] Python 机器学习实践3...
[2026-05-23 10:22:02] empire.memory3d INFO: 记忆蒸馏完成: 4 条新规律 (共 4 条)
[2026-05-23 10:22:02] empire.memory3d DEBUG: 记忆形成: distill_agent [episodic] Python 编程语言学习第1天...
[2026-05-23 10:22:02] empire.memory3d DEBUG: 记忆形成: distill_agent [episodic] Python 编程语言学习第2天...
[2026-05-23 10:22:02] empire.memory3d DEBUG: 记忆形成: distill_agent [episodic] Python 编程语言学习第3天...
[2026-05-23 10:22:02] empire.memory3d DEBUG: 记忆形成: distill_agent [episodic] Python 编程语言学习第4天...
[2026-05-23 10:22:02] empire.memory3d DEBUG: 记忆形成: distill_agent [episodic] Python 编程语言学习第5天...
[2026-05-23 10:22:02] empire.memory3d DEBUG: 记忆形成: distill_agent [episodic] 机器学习模型训练经验1...
[2026-05-23 10:22:02] empire.memory3d DEBUG: 记忆形成: distill_agent [episodic] 机器学习模型训练经验2...
[2026-05-23 10:22:02] empire.memory3d DEBUG: 记忆形成: distill_agent [episodic] 机器学习模型训练经验3...
[2026-05-23 10:22:02] empire.memory3d DEBUG: 记忆形成: distill_agent [episodic] 机器学习模型训练经验4...
[2026-05-23 10:22:02] empire.memory3d DEBUG: 记忆形成: distill_agent [episodic] Python 机器学习实践1...
[2026-05-23 10:22:02] empire.memory3d DEBUG: 记忆形成: distill_agent [episodic] Python 机器学习实践2...
[2026-05-23 10:22:02] empire.memory3d DEBUG: 记忆形成: distill_agent [episodic] Python 机器学习实践3...
[2026-05-23 10:22:02] empire.memory3d DEBUG: 记忆形成: distill_agent [episodic] Python 编程语言学习第1天...
[2026-05-23 10:22:02] empire.memory3d DEBUG: 记忆形成: distill_agent [episodic] Python 编程语言学习第2天...
[2026-05-23 10:22:02] empire.memory3d DEBUG: 记忆形成: distill_agent [episodic] Python 编程语言学习第3天...
[2026-05-23 10:22:02] empire.memory3d DEBUG: 记忆形成: distill_agent [episodic] Python 编程语言学习第4天...
[2026-05-23 10:22:02] empire.memory3d DEBUG: 记忆形成: distill_agent [episodic] Python 编程语言学习第5天...
[2026-05-23 10:22:02] empire.memory3d DEBUG: 记忆形成: distill_agent [episodic] 机器学习模型训练经验1...
[2026-05-23 10:22:02] empire.memory3d DEBUG: 记忆形成: distill_agent [episodic] 机器学习模型训练经验2...
[2026-05-23 10:22:02] empire.memory3d DEBUG: 记忆形成: distill_agent [episodic] 机器学习模型训练经验3...
[2026-05-23 10:22:02] empire.memory3d DEBUG: 记忆形成: distill_agent [episodic] 机器学习模型训练经验4...
[2026-05-23 10:22:02] empire.memory3d DEBUG: 记忆形成: distill_agent [episodic] Python 机器学习实践1...
[2026-05-23 10:22:02] empire.memory3d DEBUG: 记忆形成: distill_agent [episodic] Python 机器学习实践2...
[2026-05-23 10:22:02] empire.memory3d DEBUG: 记忆形成: distill_agent [episodic] Python 机器学习实践3...
[2026-05-23 10:22:02] empire.memory3d INFO: 记忆蒸馏完成: 4 条新规律 (共 4 条)
[2026-05-23 10:22:02] empire.memory3d DEBUG: 记忆形成: distill_agent [episodic] Python 编程语言学习第1天...
[2026-05-23 10:22:02] empire.memory3d DEBUG: 记忆形成: distill_agent [episodic] Python 编程语言学习第2天...
[2026-05-23 10:22:02] empire.memory3d DEBUG: 记忆形成: distill_agent [episodic] Python 编程语言学习第3天...
[2026-05-23 10:22:02] empire.memory3d DEBUG: 记忆形成: distill_agent [episodic] Python 编程语言学习第4天...
[2026-05-23 10:22:02] empire.memory3d DEBUG: 记忆形成: distill_agent [episodic] Python 编程语言学习第5天...
[2026-05-23 10:22:02] empire.memory3d DEBUG: 记忆形成: distill_agent [episodic] 机器学习模型训练经验1...
[2026-05-23 10:22:02] empire.memory3d DEBUG: 记忆形成: distill_agent [episodic] 机器学习模型训练经验2...
[2026-05-23 10:22:02] empire.memory3d DEBUG: 记忆形成: distill_agent [episodic] 机器学习模型训练经验3...
[2026-05-23 10:22:02] empire.memory3d DEBUG: 记忆形成: distill_agent [episodic] 机器学习模型训练经验4...
[2026-05-23 10:22:02] empire.memory3d DEBUG: 记忆形成: distill_agent [episodic] Python 机器学习实践1...
[2026-05-23 10:22:02] empire.memory3d DEBUG: 记忆形成: distill_agent [episodic] Python 机器学习实践2...
[2026-05-23 10:22:02] empire.memory3d DEBUG: 记忆形成: distill_agent [episodic] Python 机器学习实践3...
[2026-05-23 10:22:02] empire.memory3d INFO: 记忆蒸馏完成: 4 条新规律 (共 4 条)
[2026-05-23 10:22:02] empire.memory3d DEBUG: 记忆形成: distill_agent [episodic] Python 编程语言学习第1天...
[2026-05-23 10:22:02] empire.memory3d DEBUG: 记忆形成: distill_agent [episodic] Python 编程语言学习第2天...
[2026-05-23 10:22:02] empire.memory3d DEBUG: 记忆形成: distill_agent [episodic] Python 编程语言学习第3天...
[2026-05-23 10:22:02] empire.memory3d DEBUG: 记忆形成: distill_agent [episodic] Python 编程语言学习第4天...
[2026-05-23 10:22:02] empire.memory3d DEBUG: 记忆形成: distill_agent [episodic] Python 编程语言学习第5天...
[2026-05-23 10:22:02] empire.memory3d DEBUG: 记忆形成: distill_agent [episodic] 机器学习模型训练经验1...
[2026-05-23 10:22:02] empire.memory3d DEBUG: 记忆形成: distill_agent [episodic] 机器学习模型训练经验2...
[2026-05-23 10:22:02] empire.memory3d DEBUG: 记忆形成: distill_agent [episodic] 机器学习模型训练经验3...
[2026-05-23 10:22:02] empire.memory3d DEBUG: 记忆形成: distill_agent [episodic] 机器学习模型训练经验4...
[2026-05-23 10:22:02] empire.memory3d DEBUG: 记忆形成: distill_agent [episodic] Python 机器学习实践1...
[2026-05-23 10:22:02] empire.memory3d DEBUG: 记忆形成: distill_agent [episodic] Python 机器学习实践2...
[2026-05-23 10:22:02] empire.memory3d DEBUG: 记忆形成: distill_agent [episodic] Python 机器学习实践3...
[2026-05-23 10:22:02] empire.memory3d INFO: 记忆蒸馏完成: 4 条新规律 (共 4 条)
[2026-05-23 10:22:02] empire.memory3d INFO: 记忆蒸馏完成: 4 条新规律 (共 4 条)
[2026-05-23 10:22:02] empire.memory3d DEBUG: 记忆形成: distill_agent [episodic] Python 编程语言学习第1天...
[2026-05-23 10:22:02] empire.memory3d DEBUG: 记忆形成: distill_agent [episodic] Python 编程语言学习第2天...
[2026-05-23 10:22:02] empire.memory3d DEBUG: 记忆形成: distill_agent [episodic] Python 编程语言学习第3天...
[2026-05-23 10:22:02] empire.memory3d DEBUG: 记忆形成: distill_agent [episodic] Python 编程语言学习第4天...
[2026-05-23 10:22:02] empire.memory3d DEBUG: 记忆形成: distill_agent [episodic] Python 编程语言学习第5天...
[2026-05-23 10:22:02] empire.memory3d DEBUG: 记忆形成: distill_agent [episodic] 机器学习模型训练经验1...
[2026-05-23 10:22:02] empire.memory3d DEBUG: 记忆形成: distill_agent [episodic] 机器学习模型训练经验2...
[2026-05-23 10:22:02] empire.memory3d DEBUG: 记忆形成: distill_agent [episodic] 机器学习模型训练经验3...
[2026-05-23 10:22:02] empire.memory3d DEBUG: 记忆形成: distill_agent [episodic] 机器学习模型训练经验4...
[2026-05-23 10:22:02] empire.memory3d DEBUG: 记忆形成: distill_agent [episodic] Python 机器学习实践1...
[2026-05-23 10:22:02] empire.memory3d DEBUG: 记忆形成: distill_agent [episodic] Python 机器学习实践2...
[2026-05-23 10:22:02] empire.memory3d DEBUG: 记忆形成: distill_agent [episodic] Python 机器学习实践3...
[2026-05-23 10:22:02] empire.memory3d INFO: 记忆蒸馏完成: 4 条新规律 (共 4 条)
[2026-05-23 10:22:02] empire.memory3d DEBUG: 记忆形成: distill_agent [episodic] Python 编程语言学习第1天...
[2026-05-23 10:22:02] empire.memory3d DEBUG: 记忆形成: distill_agent [episodic] Python 编程语言学习第2天...
[2026-05-23 10:22:02] empire.memory3d DEBUG: 记忆形成: distill_agent [episodic] Python 编程语言学习第3天...
[2026-05-23 10:22:02] empire.memory3d DEBUG: 记忆形成: distill_agent [episodic] Python 编程语言学习第4天...
[2026-05-23 10:22:02] empire.memory3d DEBUG: 记忆形成: distill_agent [episodic] Python 编程语言学习第5天...
[2026-05-23 10:22:02] empire.memory3d DEBUG: 记忆形成: distill_agent [episodic] 机器学习模型训练经验1...
[2026-05-23 10:22:02] empire.memory3d DEBUG: 记忆形成: distill_agent [episodic] 机器学习模型训练经验2...
[2026-05-23 10:22:02] empire.memory3d DEBUG: 记忆形成: distill_agent [episodic] 机器学习模型训练经验3...
[2026-05-23 10:22:02] empire.memory3d DEBUG: 记忆形成: distill_agent [episodic] 机器学习模型训练经验4...
[2026-05-23 10:22:02] empire.memory3d DEBUG: 记忆形成: distill_agent [episodic] Python 机器学习实践1...
[2026-05-23 10:22:02] empire.memory3d DEBUG: 记忆形成: distill_agent [episodic] Python 机器学习实践2...
[2026-05-23 10:22:02] empire.memory3d DEBUG: 记忆形成: distill_agent [episodic] Python 机器学习实践3...
[2026-05-23 10:22:02] empire.memory3d INFO: 记忆蒸馏完成: 4 条新规律 (共 4 条)
[2026-05-23 10:22:02] empire.memory3d DEBUG: 记忆形成: sparse [episodic] only one...
[2026-05-23 10:22:02] empire.memory3d DEBUG: 记忆形成: distill_agent [episodic] Python 编程语言学习第1天...
[2026-05-23 10:22:02] empire.memory3d DEBUG: 记忆形成: distill_agent [episodic] Python 编程语言学习第2天...
[2026-05-23 10:22:02] empire.memory3d DEBUG: 记忆形成: distill_agent [episodic] Python 编程语言学习第3天...
[2026-05-23 10:22:02] empire.memory3d DEBUG: 记忆形成: distill_agent [episodic] Python 编程语言学习第4天...
[2026-05-23 10:22:02] empire.memory3d DEBUG: 记忆形成: distill_agent [episodic] Python 编程语言学习第5天...
[2026-05-23 10:22:02] empire.memory3d DEBUG: 记忆形成: distill_agent [episodic] 机器学习模型训练经验1...
[2026-05-23 10:22:02] empire.memory3d DEBUG: 记忆形成: distill_agent [episodic] 机器学习模型训练经验2...
[2026-05-23 10:22:02] empire.memory3d DEBUG: 记忆形成: distill_agent [episodic] 机器学习模型训练经验3...
[2026-05-23 10:22:02] empire.memory3d DEBUG: 记忆形成: distill_agent [episodic] 机器学习模型训练经验4...
[2026-05-23 10:22:02] empire.memory3d DEBUG: 记忆形成: distill_agent [episodic] Python 机器学习实践1...
[2026-05-23 10:22:02] empire.memory3d DEBUG: 记忆形成: distill_agent [episodic] Python 机器学习实践2...
[2026-05-23 10:22:02] empire.memory3d DEBUG: 记忆形成: distill_agent [episodic] Python 机器学习实践3...
[2026-05-23 10:22:02] empire.memory3d INFO: 记忆蒸馏完成: 4 条新规律 (共 4 条)
[2026-05-23 10:22:02] empire.memory3d DEBUG: 记忆形成: distill_agent [episodic] Python 编程语言学习第1天...
[2026-05-23 10:22:02] empire.memory3d DEBUG: 记忆形成: distill_agent [episodic] Python 编程语言学习第2天...
[2026-05-23 10:22:02] empire.memory3d DEBUG: 记忆形成: distill_agent [episodic] Python 编程语言学习第3天...
[2026-05-23 10:22:02] empire.memory3d DEBUG: 记忆形成: distill_agent [episodic] Python 编程语言学习第4天...
[2026-05-23 10:22:02] empire.memory3d DEBUG: 记忆形成: distill_agent [episodic] Python 编程语言学习第5天...
[2026-05-23 10:22:02] empire.memory3d DEBUG: 记忆形成: distill_agent [episodic] 机器学习模型训练经验1...
[2026-05-23 10:22:02] empire.memory3d DEBUG: 记忆形成: distill_agent [episodic] 机器学习模型训练经验2...
[2026-05-23 10:22:02] empire.memory3d DEBUG: 记忆形成: distill_agent [episodic] 机器学习模型训练经验3...
[2026-05-23 10:22:02] empire.memory3d DEBUG: 记忆形成: distill_agent [episodic] 机器学习模型训练经验4...
[2026-05-23 10:22:02] empire.memory3d DEBUG: 记忆形成: distill_agent [episodic] Python 机器学习实践1...
[2026-05-23 10:22:02] empire.memory3d DEBUG: 记忆形成: distill_agent [episodic] Python 机器学习实践2...
[2026-05-23 10:22:02] empire.memory3d DEBUG: 记忆形成: distill_agent [episodic] Python 机器学习实践3...
[2026-05-23 10:22:02] empire.memory3d INFO: 记忆蒸馏完成: 4 条新规律 (共 4 条)
[2026-05-23 10:22:02] empire.memory3d DEBUG: 记忆形成: distill_agent [episodic] Python 编程语言学习第1天...
[2026-05-23 10:22:02] empire.memory3d DEBUG: 记忆形成: distill_agent [episodic] Python 编程语言学习第2天...
[2026-05-23 10:22:02] empire.memory3d DEBUG: 记忆形成: distill_agent [episodic] Python 编程语言学习第3天...
[2026-05-23 10:22:02] empire.memory3d DEBUG: 记忆形成: distill_agent [episodic] Python 编程语言学习第4天...
[2026-05-23 10:22:02] empire.memory3d DEBUG: 记忆形成: distill_agent [episodic] Python 编程语言学习第5天...
[2026-05-23 10:22:02] empire.memory3d DEBUG: 记忆形成: distill_agent [episodic] 机器学习模型训练经验1...
[2026-05-23 10:22:02] empire.memory3d DEBUG: 记忆形成: distill_agent [episodic] 机器学习模型训练经验2...
[2026-05-23 10:22:02] empire.memory3d DEBUG: 记忆形成: distill_agent [episodic] 机器学习模型训练经验3...
[2026-05-23 10:22:02] empire.memory3d DEBUG: 记忆形成: distill_agent [episodic] 机器学习模型训练经验4...
[2026-05-23 10:22:02] empire.memory3d DEBUG: 记忆形成: distill_agent [episodic] Python 机器学习实践1...
[2026-05-23 10:22:02] empire.memory3d DEBUG: 记忆形成: distill_agent [episodic] Python 机器学习实践2...
[2026-05-23 10:22:02] empire.memory3d DEBUG: 记忆形成: distill_agent [episodic] Python 机器学习实践3...
[2026-05-23 10:22:02] empire.memory3d DEBUG: 记忆形成: distill_agent [episodic] Python 编程语言学习第1天...
[2026-05-23 10:22:02] empire.memory3d DEBUG: 记忆形成: distill_agent [episodic] Python 编程语言学习第2天...
[2026-05-23 10:22:02] empire.memory3d DEBUG: 记忆形成: distill_agent [episodic] Python 编程语言学习第3天...
[2026-05-23 10:22:02] empire.memory3d DEBUG: 记忆形成: distill_agent [episodic] Python 编程语言学习第4天...
[2026-05-23 10:22:02] empire.memory3d DEBUG: 记忆形成: distill_agent [episodic] Python 编程语言学习第5天...
[2026-05-23 10:22:02] empire.memory3d DEBUG: 记忆形成: distill_agent [episodic] 机器学习模型训练经验1...
[2026-05-23 10:22:02] empire.memory3d DEBUG: 记忆形成: distill_agent [episodic] 机器学习模型训练经验2...
[2026-05-23 10:22:02] empire.memory3d DEBUG: 记忆形成: distill_agent [episodic] 机器学习模型训练经验3...
[2026-05-23 10:22:02] empire.memory3d DEBUG: 记忆形成: distill_agent [episodic] 机器学习模型训练经验4...
[2026-05-23 10:22:02] empire.memory3d DEBUG: 记忆形成: distill_agent [episodic] Python 机器学习实践1...
[2026-05-23 10:22:02] empire.memory3d DEBUG: 记忆形成: distill_agent [episodic] Python 机器学习实践2...
[2026-05-23 10:22:02] empire.memory3d DEBUG: 记忆形成: distill_agent [episodic] Python 机器学习实践3...
[2026-05-23 10:22:02] empire.memory3d INFO: 记忆蒸馏完成: 4 条新规律 (共 4 条)
[2026-05-23 10:22:02] empire.memory3d DEBUG: 记忆形成: proactive_agent [episodic] Python 编程技巧...
[2026-05-23 10:22:02] empire.memory3d DEBUG: 记忆形成: proactive_agent [episodic] 数据库优化方案...
[2026-05-23 10:22:02] empire.memory3d DEBUG: 记忆形成: proactive_agent [episodic] Python 数据库连接...
[2026-05-23 10:22:02] empire.memory3d DEBUG: 注册触发规则: ['python'] -> b562f57e17
[2026-05-23 10:22:02] empire.memory3d WARNING: 触发规则回调异常: intentional error
[2026-05-23 10:22:02] empire.memory3d DEBUG: 记忆形成: proactive_agent [episodic] Python 编程技巧...
[2026-05-23 10:22:02] empire.memory3d DEBUG: 记忆形成: proactive_agent [episodic] 数据库优化方案...
[2026-05-23 10:22:02] empire.memory3d DEBUG: 记忆形成: proactive_agent [episodic] Python 数据库连接...
[2026-05-23 10:22:02] empire.memory3d DEBUG: 注册触发规则: ['python'] -> 93753d5022
[2026-05-23 10:22:02] empire.memory3d DEBUG: 记忆形成: proactive_agent [episodic] Python 编程技巧...
[2026-05-23 10:22:02] empire.memory3d DEBUG: 记忆形成: proactive_agent [episodic] 数据库优化方案...
[2026-05-23 10:22:02] empire.memory3d DEBUG: 记忆形成: proactive_agent [episodic] Python 数据库连接...
[2026-05-23 10:22:02] empire.memory3d DEBUG: 注册触发规则: ['python'] -> 403498c836
[2026-05-23 10:22:02] empire.memory3d DEBUG: 记忆形成: proactive_agent [episodic] Python 编程技巧...
[2026-05-23 10:22:02] empire.memory3d DEBUG: 记忆形成: proactive_agent [episodic] 数据库优化方案...
[2026-05-23 10:22:02] empire.memory3d DEBUG: 记忆形成: proactive_agent [episodic] Python 数据库连接...
[2026-05-23 10:22:02] empire.memory3d DEBUG: 注册触发规则: ['test'] -> 7b917b951c
[2026-05-23 10:22:02] empire.memory3d DEBUG: 记忆形成: proactive_agent [episodic] Python 编程技巧...
[2026-05-23 10:22:02] empire.memory3d DEBUG: 记忆形成: proactive_agent [episodic] 数据库优化方案...
[2026-05-23 10:22:02] empire.memory3d DEBUG: 记忆形成: proactive_agent [episodic] Python 数据库连接...
[2026-05-23 10:22:02] empire.memory3d DEBUG: 注册触发规则: ['python'] -> 04f3753d4d
[2026-05-23 10:22:02] empire.memory3d DEBUG: 记忆形成: proactive_agent [episodic] Python 编程技巧...
[2026-05-23 10:22:02] empire.memory3d DEBUG: 记忆形成: proactive_agent [episodic] 数据库优化方案...
[2026-05-23 10:22:02] empire.memory3d DEBUG: 记忆形成: proactive_agent [episodic] Python 数据库连接...
[2026-05-23 10:22:02] empire.memory3d DEBUG: 注册触发规则: ['a'] -> 0d35b4b229
[2026-05-23 10:22:02] empire.memory3d DEBUG: 注册触发规则: ['b'] -> b8a2f0b5ab
[2026-05-23 10:22:02] empire.memory3d DEBUG: 注册触发规则: ['c'] -> 074877a71d
[2026-05-23 10:22:02] empire.memory3d DEBUG: 记忆形成: proactive_agent [episodic] Python 编程技巧...
[2026-05-23 10:22:02] empire.memory3d DEBUG: 记忆形成: proactive_agent [episodic] 数据库优化方案...
[2026-05-23 10:22:02] empire.memory3d DEBUG: 记忆形成: proactive_agent [episodic] Python 数据库连接...
[2026-05-23 10:22:02] empire.memory3d DEBUG: 注册触发规则: ['a'] -> 2e7f744e29
[2026-05-23 10:22:02] empire.memory3d DEBUG: 注册触发规则: ['b'] -> ad46235531
[2026-05-23 10:22:02] empire.memory3d DEBUG: 记忆形成: proactive_agent [episodic] Python 编程技巧...
[2026-05-23 10:22:02] empire.memory3d DEBUG: 记忆形成: proactive_agent [episodic] 数据库优化方案...
[2026-05-23 10:22:02] empire.memory3d DEBUG: 记忆形成: proactive_agent [episodic] Python 数据库连接...
[2026-05-23 10:22:02] empire.memory3d DEBUG: 注册触发规则: ['python', '编程'] -> f311375454
[2026-05-23 10:22:02] empire.memory3d DEBUG: 注册触发规则: ['database'] -> b6b122c8ab
[2026-05-23 10:22:02] empire.memory3d DEBUG: 记忆形成: proactive_agent [episodic] Python 编程技巧...
[2026-05-23 10:22:02] empire.memory3d DEBUG: 记忆形成: proactive_agent [episodic] 数据库优化方案...
[2026-05-23 10:22:02] empire.memory3d DEBUG: 记忆形成: proactive_agent [episodic] Python 数据库连接...
[2026-05-23 10:22:02] empire.memory3d DEBUG: 注册触发规则: ['python'] -> f68eb3ef08
[2026-05-23 10:22:02] empire.memory3d DEBUG: 记忆形成: proactive_agent [episodic] Python 编程技巧...
[2026-05-23 10:22:02] empire.memory3d DEBUG: 记忆形成: proactive_agent [episodic] 数据库优化方案...
[2026-05-23 10:22:02] empire.memory3d DEBUG: 记忆形成: proactive_agent [episodic] Python 数据库连接...
[2026-05-23 10:22:02] empire.memory3d DEBUG: 注册触发规则: ['quantum', 'physics'] -> a60ec1be94
[2026-05-23 10:22:02] empire.memory3d DEBUG: 记忆形成: proactive_agent [episodic] Python 编程技巧...
[2026-05-23 10:22:02] empire.memory3d DEBUG: 记忆形成: proactive_agent [episodic] 数据库优化方案...
[2026-05-23 10:22:02] empire.memory3d DEBUG: 记忆形成: proactive_agent [episodic] Python 数据库连接...
[2026-05-23 10:22:02] empire.memory3d DEBUG: 注册触发规则: ['python'] -> Python trigger
[2026-05-23 10:22:02] empire.memory3d DEBUG: 记忆形成: proactive_agent [episodic] Python 编程技巧...
[2026-05-23 10:22:02] empire.memory3d DEBUG: 记忆形成: proactive_agent [episodic] 数据库优化方案...
[2026-05-23 10:22:02] empire.memory3d DEBUG: 记忆形成: proactive_agent [episodic] Python 数据库连接...
[2026-05-23 10:22:02] empire.memory3d DEBUG: 注册触发规则: ['python', 'coding'] -> db09a7c4af
[2026-05-23 10:22:02] empire.memory3d DEBUG: 记忆形成: proactive_agent [episodic] Python 编程技巧...
[2026-05-23 10:22:02] empire.memory3d DEBUG: 记忆形成: proactive_agent [episodic] 数据库优化方案...
[2026-05-23 10:22:02] empire.memory3d DEBUG: 记忆形成: proactive_agent [episodic] Python 数据库连接...
[2026-05-23 10:22:02] empire.memory3d DEBUG: 注册触发规则: ['python'] -> 542507bdf0
[2026-05-23 10:22:02] empire.memory3d DEBUG: 注册触发规则: ['python', '编程'] -> cc1066ea77
[2026-05-23 10:22:02] empire.memory3d DEBUG: 记忆形成: proactive_agent [episodic] Python 编程技巧...
[2026-05-23 10:22:02] empire.memory3d DEBUG: 记忆形成: proactive_agent [episodic] 数据库优化方案...
[2026-05-23 10:22:02] empire.memory3d DEBUG: 记忆形成: proactive_agent [episodic] Python 数据库连接...
[2026-05-23 10:22:02] empire.memory3d DEBUG: 注册触发规则: ['python', '编程'] -> Python 相关
[2026-05-23 10:22:02] empire.memory3d DEBUG: 记忆形成: proactive_agent [episodic] Python 编程技巧...
[2026-05-23 10:22:02] empire.memory3d DEBUG: 记忆形成: proactive_agent [episodic] 数据库优化方案...
[2026-05-23 10:22:02] empire.memory3d DEBUG: 记忆形成: proactive_agent [episodic] Python 数据库连接...
[2026-05-23 10:22:02] empire.memory3d DEBUG: 注册触发规则: ['test'] -> bd910b2bda
[2026-05-23 10:22:02] empire.memory3d DEBUG: 记忆形成: proactive_agent [episodic] Python 编程技巧...
[2026-05-23 10:22:02] empire.memory3d DEBUG: 记忆形成: proactive_agent [episodic] 数据库优化方案...
[2026-05-23 10:22:02] empire.memory3d DEBUG: 记忆形成: proactive_agent [episodic] Python 数据库连接...
[2026-05-23 10:22:02] empire.memory3d DEBUG: 注册触发规则: ['python'] -> a798fdbd35
[2026-05-23 10:22:37] empire.memory3d DEBUG: 因果关系: 下雨 → 地面湿 (置信度=0.90)
[2026-05-23 10:22:37] empire.memory3d DEBUG: 因果关系: 下雨 → 交通拥堵 (置信度=0.60)
[2026-05-23 10:22:37] empire.memory3d DEBUG: 因果关系: X → Y (置信度=0.90)
[2026-05-23 10:22:37] empire.memory3d DEBUG: 因果关系: Y → Z (置信度=0.80)
[2026-05-23 10:22:37] empire.memory3d DEBUG: 因果关系: A → B (置信度=0.90)
[2026-05-23 10:22:37] empire.memory3d DEBUG: 因果关系: B → A (置信度=0.80)
[2026-05-23 10:22:37] empire.memory3d DEBUG: 因果关系: A → B (置信度=0.90)
[2026-05-23 10:22:37] empire.memory3d DEBUG: 因果关系: B → C (置信度=0.80)
[2026-05-23 10:22:37] empire.memory3d DEBUG: 因果关系: C → D (置信度=0.70)
[2026-05-23 10:22:37] empire.memory3d DEBUG: 因果关系: A → B (置信度=1.50)
[2026-05-23 10:22:37] empire.memory3d DEBUG: 因果关系: C → D (置信度=-0.50)
[2026-05-23 10:22:37] empire.memory3d DEBUG: 因果关系: X → Y (置信度=0.90)
[2026-05-23 10:22:37] empire.memory3d DEBUG: 因果关系: Y → Z (置信度=0.80)
[2026-05-23 10:22:37] empire.memory3d DEBUG: 因果关系: A → B (置信度=0.90)
[2026-05-23 10:22:37] empire.memory3d DEBUG: 因果关系: bug → crash (置信度=0.80)
[2026-05-23 10:22:37] empire.memory3d DEBUG: 因果关系: memory_leak → crash (置信度=0.70)
[2026-05-23 10:22:37] empire.memory3d DEBUG: 因果关系: A → B (置信度=0.30)
[2026-05-23 10:22:37] empire.memory3d DEBUG: 因果关系: A → C (置信度=0.80)
[2026-05-23 10:22:37] empire.memory3d DEBUG: 因果关系: cause → effect (置信度=0.85)
[2026-05-23 10:22:37] empire.memory3d DEBUG: 因果关系: A → B (置信度=0.90)
[2026-05-23 10:22:37] empire.memory3d DEBUG: 因果关系: t0_cause_0 → t0_effect_0 (置信度=0.50)
[2026-05-23 10:22:37] empire.memory3d DEBUG: 因果关系: t0_cause_1 → t0_effect_1 (置信度=0.50)
[2026-05-23 10:22:37] empire.memory3d DEBUG: 因果关系: t0_cause_2 → t0_effect_2 (置信度=0.50)
[2026-05-23 10:22:37] empire.memory3d DEBUG: 因果关系: t0_cause_3 → t0_effect_3 (置信度=0.50)
[2026-05-23 10:22:37] empire.memory3d DEBUG: 因果关系: t0_cause_4 → t0_effect_4 (置信度=0.50)
[2026-05-23 10:22:37] empire.memory3d DEBUG: 因果关系: t0_cause_5 → t0_effect_5 (置信度=0.50)
[2026-05-23 10:22:37] empire.memory3d DEBUG: 因果关系: t0_cause_6 → t0_effect_6 (置信度=0.50)
[2026-05-23 10:22:37] empire.memory3d DEBUG: 因果关系: t0_cause_7 → t0_effect_7 (置信度=0.50)
[2026-05-23 10:22:37] empire.memory3d DEBUG: 因果关系: t0_cause_8 → t0_effect_8 (置信度=0.50)
[2026-05-23 10:22:37] empire.memory3d DEBUG: 因果关系: t0_cause_9 → t0_effect_9 (置信度=0.50)
[2026-05-23 10:22:37] empire.memory3d DEBUG: 因果关系: t0_cause_10 → t0_effect_10 (置信度=0.50)
[2026-05-23 10:22:37] empire.memory3d DEBUG: 因果关系: t0_cause_11 → t0_effect_11 (置信度=0.50)
[2026-05-23 10:22:37] empire.memory3d DEBUG: 因果关系: t0_cause_12 → t0_effect_12 (置信度=0.50)
[2026-05-23 10:22:37] empire.memory3d DEBUG: 因果关系: t0_cause_13 → t0_effect_13 (置信度=0.50)
[2026-05-23 10:22:37] empire.memory3d DEBUG: 因果关系: t0_cause_14 → t0_effect_14 (置信度=0.50)
[2026-05-23 10:22:37] empire.memory3d DEBUG: 因果关系: t0_cause_15 → t0_effect_15 (置信度=0.50)
[2026-05-23 10:22:37] empire.memory3d DEBUG: 因果关系: t0_cause_16 → t0_effect_16 (置信度=0.50)
[2026-05-23 10:22:37] empire.memory3d DEBUG: 因果关系: t0_cause_17 → t0_effect_17 (置信度=0.50)
[2026-05-23 10:22:37] empire.memory3d DEBUG: 因果关系: t0_cause_18 → t0_effect_18 (置信度=0.50)
[2026-05-23 10:22:37] empire.memory3d DEBUG: 因果关系: t0_cause_19 → t0_effect_19 (置信度=0.50)
[2026-05-23 10:22:37] empire.memory3d DEBUG: 因果关系: t2_cause_0 → t2_effect_0 (置信度=0.50)
[2026-05-23 10:22:37] empire.memory3d DEBUG: 因果关系: t2_cause_1 → t2_effect_1 (置信度=0.50)
[2026-05-23 10:22:37] empire.memory3d DEBUG: 因果关系: t2_cause_2 → t2_effect_2 (置信度=0.50)
[2026-05-23 10:22:37] empire.memory3d DEBUG: 因果关系: t2_cause_3 → t2_effect_3 (置信度=0.50)
[2026-05-23 10:22:37] empire.memory3d DEBUG: 因果关系: t2_cause_4 → t2_effect_4 (置信度=0.50)
[2026-05-23 10:22:37] empire.memory3d DEBUG: 因果关系: t2_cause_5 → t2_effect_5 (置信度=0.50)
[2026-05-23 10:22:37] empire.memory3d DEBUG: 因果关系: t2_cause_6 → t2_effect_6 (置信度=0.50)
[2026-05-23 10:22:37] empire.memory3d DEBUG: 因果关系: t2_cause_7 → t2_effect_7 (置信度=0.50)
[2026-05-23 10:22:37] empire.memory3d DEBUG: 因果关系: t2_cause_8 → t2_effect_8 (置信度=0.50)
[2026-05-23 10:22:37] empire.memory3d DEBUG: 因果关系: t2_cause_9 → t2_effect_9 (置信度=0.50)
[2026-05-23 10:22:37] empire.memory3d DEBUG: 因果关系: t2_cause_10 → t2_effect_10 (置信度=0.50)
[2026-05-23 10:22:37] empire.memory3d DEBUG: 因果关系: t2_cause_11 → t2_effect_11 (置信度=0.50)
[2026-05-23 10:22:37] empire.memory3d DEBUG: 因果关系: t2_cause_12 → t2_effect_12 (置信度=0.50)
[2026-05-23 10:22:37] empire.memory3d DEBUG: 因果关系: t2_cause_13 → t2_effect_13 (置信度=0.50)
[2026-05-23 10:22:37] empire.memory3d DEBUG: 因果关系: t2_cause_14 → t2_effect_14 (置信度=0.50)
[2026-05-23 10:22:37] empire.memory3d DEBUG: 因果关系: t2_cause_15 → t2_effect_15 (置信度=0.50)
[2026-05-23 10:22:37] empire.memory3d DEBUG: 因果关系: t2_cause_16 → t2_effect_16 (置信度=0.50)
[2026-05-23 10:22:37] empire.memory3d DEBUG: 因果关系: t2_cause_17 → t2_effect_17 (置信度=0.50)
[2026-05-23 10:22:37] empire.memory3d DEBUG: 因果关系: t2_cause_18 → t2_effect_18 (置信度=0.50)
[2026-05-23 10:22:37] empire.memory3d DEBUG: 因果关系: t2_cause_19 → t2_effect_19 (置信度=0.50)
[2026-05-23 10:22:37] empire.memory3d DEBUG: 因果关系: t1_cause_0 → t1_effect_0 (置信度=0.50)
[2026-05-23 10:22:37] empire.memory3d DEBUG: 因果关系: t1_cause_1 → t1_effect_1 (置信度=0.50)
[2026-05-23 10:22:37] empire.memory3d DEBUG: 因果关系: t1_cause_2 → t1_effect_2 (置信度=0.50)
[2026-05-23 10:22:37] empire.memory3d DEBUG: 因果关系: t1_cause_3 → t1_effect_3 (置信度=0.50)
[2026-05-23 10:22:37] empire.memory3d DEBUG: 因果关系: t1_cause_4 → t1_effect_4 (置信度=0.50)
[2026-05-23 10:22:37] empire.memory3d DEBUG: 因果关系: t1_cause_5 → t1_effect_5 (置信度=0.50)
[2026-05-23 10:22:37] empire.memory3d DEBUG: 因果关系: t1_cause_6 → t1_effect_6 (置信度=0.50)
[2026-05-23 10:22:37] empire.memory3d DEBUG: 因果关系: t1_cause_7 → t1_effect_7 (置信度=0.50)
[2026-05-23 10:22:37] empire.memory3d DEBUG: 因果关系: t1_cause_8 → t1_effect_8 (置信度=0.50)
[2026-05-23 10:22:37] empire.memory3d DEBUG: 因果关系: t1_cause_9 → t1_effect_9 (置信度=0.50)
[2026-05-23 10:22:37] empire.memory3d DEBUG: 因果关系: t1_cause_10 → t1_effect_10 (置信度=0.50)
[2026-05-23 10:22:37] empire.memory3d DEBUG: 因果关系: t1_cause_11 → t1_effect_11 (置信度=0.50)
[2026-05-23 10:22:37] empire.memory3d DEBUG: 因果关系: t1_cause_12 → t1_effect_12 (置信度=0.50)
[2026-05-23 10:22:37] empire.memory3d DEBUG: 因果关系: t1_cause_13 → t1_effect_13 (置信度=0.50)
[2026-05-23 10:22:37] empire.memory3d DEBUG: 因果关系: t1_cause_14 → t1_effect_14 (置信度=0.50)
[2026-05-23 10:22:37] empire.memory3d DEBUG: 因果关系: t1_cause_15 → t1_effect_15 (置信度=0.50)
[2026-05-23 10:22:37] empire.memory3d DEBUG: 因果关系: t1_cause_16 → t1_effect_16 (置信度=0.50)
[2026-05-23 10:22:37] empire.memory3d DEBUG: 因果关系: t1_cause_17 → t1_effect_17 (置信度=0.50)
[2026-05-23 10:22:37] empire.memory3d DEBUG: 因果关系: t1_cause_18 → t1_effect_18 (置信度=0.50)
[2026-05-23 10:22:37] empire.memory3d DEBUG: 因果关系: t1_cause_19 → t1_effect_19 (置信度=0.50)
[2026-05-23 10:22:37] empire.memory3d DEBUG: 因果关系: t3_cause_0 → t3_effect_0 (置信度=0.50)
[2026-05-23 10:22:37] empire.memory3d DEBUG: 因果关系: t3_cause_1 → t3_effect_1 (置信度=0.50)
[2026-05-23 10:22:37] empire.memory3d DEBUG: 因果关系: t3_cause_2 → t3_effect_2 (置信度=0.50)
[2026-05-23 10:22:37] empire.memory3d DEBUG: 因果关系: t3_cause_3 → t3_effect_3 (置信度=0.50)
[2026-05-23 10:22:37] empire.memory3d DEBUG: 因果关系: t3_cause_4 → t3_effect_4 (置信度=0.50)
[2026-05-23 10:22:37] empire.memory3d DEBUG: 因果关系: t3_cause_5 → t3_effect_5 (置信度=0.50)
[2026-05-23 10:22:37] empire.memory3d DEBUG: 因果关系: t3_cause_6 → t3_effect_6 (置信度=0.50)
[2026-05-23 10:22:37] empire.memory3d DEBUG: 因果关系: t3_cause_7 → t3_effect_7 (置信度=0.50)
[2026-05-23 10:22:37] empire.memory3d DEBUG: 因果关系: t3_cause_8 → t3_effect_8 (置信度=0.50)
[2026-05-23 10:22:37] empire.memory3d DEBUG: 因果关系: t3_cause_9 → t3_effect_9 (置信度=0.50)
[2026-05-23 10:22:37] empire.memory3d DEBUG: 因果关系: t3_cause_10 → t3_effect_10 (置信度=0.50)
[2026-05-23 10:22:37] empire.memory3d DEBUG: 因果关系: t3_cause_11 → t3_effect_11 (置信度=0.50)
[2026-05-23 10:22:37] empire.memory3d DEBUG: 因果关系: t3_cause_12 → t3_effect_12 (置信度=0.50)
[2026-05-23 10:22:37] empire.memory3d DEBUG: 因果关系: t3_cause_13 → t3_effect_13 (置信度=0.50)
[2026-05-23 10:22:37] empire.memory3d DEBUG: 因果关系: t3_cause_14 → t3_effect_14 (置信度=0.50)
[2026-05-23 10:22:37] empire.memory3d DEBUG: 因果关系: t3_cause_15 → t3_effect_15 (置信度=0.50)
[2026-05-23 10:22:37] empire.memory3d DEBUG: 因果关系: t3_cause_16 → t3_effect_16 (置信度=0.50)
[2026-05-23 10:22:37] empire.memory3d DEBUG: 因果关系: t3_cause_17 → t3_effect_17 (置信度=0.50)
[2026-05-23 10:22:37] empire.memory3d DEBUG: 因果关系: t3_cause_18 → t3_effect_18 (置信度=0.50)
[2026-05-23 10:22:37] empire.memory3d DEBUG: 因果关系: t3_cause_19 → t3_effect_19 (置信度=0.50)
[2026-05-23 10:22:37] empire.memory3d DEBUG: 因果关系: root → child1 (置信度=0.90)
[2026-05-23 10:22:37] empire.memory3d DEBUG: 因果关系: root → child2 (置信度=0.70)
[2026-05-23 10:22:37] empire.memory3d INFO: 帝国图书馆: admin 发布知识 [general] secret knowledge...
[2026-05-23 10:22:37] empire.memory3d INFO: 帝国图书馆: admin 发布知识 [general] my knowledge...
[2026-05-23 10:22:37] empire.memory3d INFO: 帝国图书馆: a 发布知识 [general] public...
[2026-05-23 10:22:37] empire.memory3d INFO: 帝国图书馆: b 发布知识 [general] restricted...
[2026-05-23 10:22:37] empire.memory3d INFO: 帝国图书馆: c 发布知识 [general] secret...
[2026-05-23 10:22:37] empire.memory3d INFO: 帝国图书馆: alice 发布知识 [general] A...
[2026-05-23 10:22:37] empire.memory3d INFO: 帝国图书馆: alice 发布知识 [general] B...
[2026-05-23 10:22:37] empire.memory3d INFO: 帝国图书馆: bob 发布知识 [general] C...
[2026-05-23 10:22:37] empire.memory3d INFO: 帝国图书馆: a 发布知识 [technical] A...
[2026-05-23 10:22:37] empire.memory3d INFO: 帝国图书馆: b 发布知识 [strategy] B...
[2026-05-23 10:22:37] empire.memory3d INFO: 帝国图书馆: a 发布知识 [general] A...
[2026-05-23 10:22:37] empire.memory3d INFO: 帝国图书馆: b 发布知识 [general] B...
[2026-05-23 10:22:37] empire.memory3d INFO: 帝国图书馆: a 发布知识 [technical] A...
[2026-05-23 10:22:37] empire.memory3d INFO: 帝国图书馆: b 发布知识 [strategy] B...
[2026-05-23 10:22:37] empire.memory3d INFO: 帝国图书馆: a 发布知识 [general] v1...
[2026-05-23 10:22:37] empire.memory3d INFO: 帝国图书馆: a 发布知识 [general] content...
[2026-05-23 10:22:37] empire.memory3d INFO: 帝国图书馆: agent1 发布知识 [general] persistent knowledge...
[2026-05-23 10:22:37] empire.memory3d INFO: 帝国图书馆: agent1 发布知识 [technical] 如何使用 Python 进行数据分析...
[2026-05-23 10:22:37] empire.memory3d INFO: 帝国图书馆: agent1 发布知识 [invalid_category] test...
[2026-05-23 10:22:37] empire.memory3d INFO: 帝国图书馆: agent1 发布知识 [general] original...
[2026-05-23 10:22:37] empire.memory3d INFO: 帝国图书馆: agent1 发布知识 [general] content...
[2026-05-23 10:22:37] empire.memory3d INFO: 帝国图书馆: a 发布知识 [technical] tech content...
[2026-05-23 10:22:37] empire.memory3d INFO: 帝国图书馆: b 发布知识 [strategy] strategy content...
[2026-05-23 10:22:37] empire.memory3d INFO: 帝国图书馆: a 发布知识 [general] content A...
[2026-05-23 10:22:37] empire.memory3d INFO: 帝国图书馆: b 发布知识 [general] content B...
[2026-05-23 10:22:37] empire.memory3d INFO: 帝国图书馆: agent1 发布知识 [general] version 1...
[2026-05-23 10:22:37] empire.memory3d INFO: 帝国图书馆: agent1 发布知识 [general] Python 编程是最好的选择...
[2026-05-23 10:22:37] empire.memory3d INFO: 帝国图书馆: agent2 发布知识 [general] Python 编程适合数据科学...
[2026-05-23 10:22:37] empire.memory3d INFO: 帝国图书馆: agent3 发布知识 [general] Python 编程广泛应用...
[2026-05-23 10:22:37] empire.memory3d INFO: 帝国图书馆: agent4 发布知识 [general] Python 编程效率很高...
[2026-05-23 10:22:37] empire.memory3d DEBUG: 记忆形成: pipe_agent [episodic] Python 编程效率很高...
[2026-05-23 10:22:37] empire.memory3d DEBUG: 记忆形成: pipe_agent [episodic] Python 编程适合数据科学...
[2026-05-23 10:22:37] empire.memory3d DEBUG: 记忆形成: pipe_agent [episodic] Python 编程广泛应用...
[2026-05-23 10:22:37] empire.memory3d DEBUG: 记忆形成: pipe_agent [episodic] Python 编程是最好的选择...
[2026-05-23 10:22:37] empire.memory3d INFO: 记忆蒸馏完成: 1 条新规律 (共 1 条)
[2026-05-23 10:22:37] empire.memory3d DEBUG: 记忆形成: integ_agent [episodic] 部署新版本导致服务崩溃...
[2026-05-23 10:22:37] empire.memory3d DEBUG: 记忆形成: integ_agent [episodic] 数据库连接池耗尽导致超时...
[2026-05-23 10:22:37] empire.memory3d DEBUG: 因果关系: 部署新版本 → 服务崩溃 (置信度=0.85)
[2026-05-23 10:22:37] empire.memory3d DEBUG: 因果关系: 数据库连接池耗尽 → 请求超时 (置信度=0.90)
[2026-05-23 10:22:37] empire.memory3d DEBUG: 记忆形成: combo_agent [episodic] 服务器磁盘空间不足...
[2026-05-23 10:22:37] empire.memory3d DEBUG: 因果关系: 磁盘空间不足 → 服务宕机 (置信度=0.90)
[2026-05-23 10:22:37] empire.memory3d DEBUG: 注册触发规则: ['磁盘', 'disk'] -> 33dfbfbb14
[2026-05-23 10:22:37] empire.memory3d DEBUG: 记忆形成: agent1 [episodic] low...
[2026-05-23 10:22:37] empire.memory3d DEBUG: 记忆形成: agent1 [episodic] high...
[2026-05-23 10:22:37] empire.memory3d DEBUG: 记忆形成: agent1 [episodic] first...
[2026-05-23 10:22:37] empire.memory3d DEBUG: 记忆形成: agent1 [episodic] second...
[2026-05-23 10:22:37] empire.memory3d DEBUG: 记忆形成: agent1 [episodic] old interface...
[2026-05-23 10:22:37] empire.memory3d DEBUG: 记忆形成: agent1 [episodic] important event...
[2026-05-23 10:22:37] empire.memory3d DEBUG: 巩固 1 条记忆
[2026-05-23 10:22:37] empire.memory3d DEBUG: 记忆形成: agent1 [episodic] recent event...
[2026-05-23 10:22:37] empire.memory3d DEBUG: 记忆形成: agent1 [semantic] some knowledge...
[2026-05-23 10:22:37] empire.memory3d DEBUG: 记忆形成: agent1 [procedural] a skill...
[2026-05-23 10:22:37] empire.memory3d DEBUG: 记忆形成: agent1 [semantic] shared knowledge...
[2026-05-23 10:22:37] empire.memory3d DEBUG: 记忆形成: agent2 [semantic] shared knowledge...
[2026-05-23 10:22:37] empire.memory3d DEBUG: 记忆形成: agent1 [episodic] episodic event...
[2026-05-23 10:22:37] empire.memory3d DEBUG: 记忆形成: agent1 [semantic] public fact...
[2026-05-23 10:22:37] empire.memory3d DEBUG: 记忆形成: agent1 [episodic] forgettable...
[2026-05-23 10:22:37] empire.memory3d DEBUG: 遗忘 1 条记忆
[2026-05-23 10:22:37] empire.memory3d DEBUG: 记忆形成: agent1 [episodic] Python 是一种编程语言...
[2026-05-23 10:22:37] empire.memory3d DEBUG: 记忆形成: agent1 [episodic] test...
[2026-05-23 10:22:37] empire.memory3d DEBUG: 记忆形成: agent1 [episodic] a...
[2026-05-23 10:22:37] empire.memory3d DEBUG: 记忆形成: agent1 [semantic] b...
[2026-05-23 10:22:37] empire.memory3d DEBUG: 记忆形成: agent1 [episodic] lifecycle test...
[2026-05-23 10:22:37] empire.memory3d DEBUG: 巩固 1 条记忆
[2026-05-23 10:22:37] empire.memory3d DEBUG: 记忆形成: persist_agent [episodic] persistent memory...
[2026-05-23 10:22:37] empire.memory3d DEBUG: 记忆形成: agent1 [episodic] original...
[2026-05-23 10:22:37] empire.memory3d DEBUG: 记忆形成: distill_agent [episodic] Python 编程语言学习经验总结...
[2026-05-23 10:22:37] empire.memory3d DEBUG: 记忆形成: distill_agent [episodic] Python 编程语言学习经验总结...
[2026-05-23 10:22:37] empire.memory3d DEBUG: 记忆形成: distill_agent [episodic] Python 编程语言学习经验总结...
[2026-05-23 10:22:37] empire.memory3d DEBUG: 记忆形成: distill_agent [episodic] Python 编程语言学习经验总结...
[2026-05-23 10:22:37] empire.memory3d DEBUG: 记忆形成: distill_agent [episodic] Python 编程语言学习经验总结...
[2026-05-23 10:22:37] empire.memory3d DEBUG: 记忆形成: distill_agent [episodic] 机器学习模型训练优化经验...
[2026-05-23 10:22:37] empire.memory3d DEBUG: 记忆形成: distill_agent [episodic] 机器学习模型训练优化经验...
[2026-05-23 10:22:37] empire.memory3d DEBUG: 记忆形成: distill_agent [episodic] 机器学习模型训练优化经验...
[2026-05-23 10:22:37] empire.memory3d DEBUG: 记忆形成: distill_agent [episodic] 机器学习模型训练优化经验...
[2026-05-23 10:22:37] empire.memory3d DEBUG: 记忆形成: distill_agent [episodic] Python 机器学习编程实践...
[2026-05-23 10:22:37] empire.memory3d DEBUG: 记忆形成: distill_agent [episodic] Python 机器学习编程实践...
[2026-05-23 10:22:37] empire.memory3d DEBUG: 记忆形成: distill_agent [episodic] Python 机器学习编程实践...
[2026-05-23 10:22:37] empire.memory3d INFO: 记忆蒸馏完成: 9 条新规律 (共 9 条)
[2026-05-23 10:22:37] empire.memory3d DEBUG: 记忆形成: distill_agent [episodic] Python 编程语言学习经验总结...
[2026-05-23 10:22:37] empire.memory3d DEBUG: 记忆形成: distill_agent [episodic] Python 编程语言学习经验总结...
[2026-05-23 10:22:37] empire.memory3d DEBUG: 记忆形成: distill_agent [episodic] Python 编程语言学习经验总结...
[2026-05-23 10:22:37] empire.memory3d DEBUG: 记忆形成: distill_agent [episodic] Python 编程语言学习经验总结...
[2026-05-23 10:22:37] empire.memory3d DEBUG: 记忆形成: distill_agent [episodic] Python 编程语言学习经验总结...
[2026-05-23 10:22:37] empire.memory3d DEBUG: 记忆形成: distill_agent [episodic] 机器学习模型训练优化经验...
[2026-05-23 10:22:37] empire.memory3d DEBUG: 记忆形成: distill_agent [episodic] 机器学习模型训练优化经验...
[2026-05-23 10:22:37] empire.memory3d DEBUG: 记忆形成: distill_agent [episodic] 机器学习模型训练优化经验...
[2026-05-23 10:22:37] empire.memory3d DEBUG: 记忆形成: distill_agent [episodic] 机器学习模型训练优化经验...
[2026-05-23 10:22:37] empire.memory3d DEBUG: 记忆形成: distill_agent [episodic] Python 机器学习编程实践...
[2026-05-23 10:22:37] empire.memory3d DEBUG: 记忆形成: distill_agent [episodic] Python 机器学习编程实践...
[2026-05-23 10:22:37] empire.memory3d DEBUG: 记忆形成: distill_agent [episodic] Python 机器学习编程实践...
[2026-05-23 10:22:37] empire.memory3d DEBUG: 记忆形成: distill_agent [episodic] Python 编程语言学习经验总结...
[2026-05-23 10:22:37] empire.memory3d DEBUG: 记忆形成: distill_agent [episodic] Python 编程语言学习经验总结...
[2026-05-23 10:22:37] empire.memory3d DEBUG: 记忆形成: distill_agent [episodic] Python 编程语言学习经验总结...
[2026-05-23 10:22:37] empire.memory3d DEBUG: 记忆形成: distill_agent [episodic] Python 编程语言学习经验总结...
[2026-05-23 10:22:37] empire.memory3d DEBUG: 记忆形成: distill_agent [episodic] Python 编程语言学习经验总结...
[2026-05-23 10:22:37] empire.memory3d DEBUG: 记忆形成: distill_agent [episodic] 机器学习模型训练优化经验...
[2026-05-23 10:22:37] empire.memory3d DEBUG: 记忆形成: distill_agent [episodic] 机器学习模型训练优化经验...
[2026-05-23 10:22:37] empire.memory3d DEBUG: 记忆形成: distill_agent [episodic] 机器学习模型训练优化经验...
[2026-05-23 10:22:37] empire.memory3d DEBUG: 记忆形成: distill_agent [episodic] 机器学习模型训练优化经验...
[2026-05-23 10:22:37] empire.memory3d DEBUG: 记忆形成: distill_agent [episodic] Python 机器学习编程实践...
[2026-05-23 10:22:37] empire.memory3d DEBUG: 记忆形成: distill_agent [episodic] Python 机器学习编程实践...
[2026-05-23 10:22:37] empire.memory3d DEBUG: 记忆形成: distill_agent [episodic] Python 机器学习编程实践...
[2026-05-23 10:22:37] empire.memory3d INFO: 记忆蒸馏完成: 9 条新规律 (共 9 条)
[2026-05-23 10:22:37] empire.memory3d DEBUG: 记忆形成: distill_agent [episodic] Python 编程语言学习经验总结...
[2026-05-23 10:22:37] empire.memory3d DEBUG: 记忆形成: distill_agent [episodic] Python 编程语言学习经验总结...
[2026-05-23 10:22:37] empire.memory3d DEBUG: 记忆形成: distill_agent [episodic] Python 编程语言学习经验总结...
[2026-05-23 10:22:37] empire.memory3d DEBUG: 记忆形成: distill_agent [episodic] Python 编程语言学习经验总结...
[2026-05-23 10:22:37] empire.memory3d DEBUG: 记忆形成: distill_agent [episodic] Python 编程语言学习经验总结...
[2026-05-23 10:22:37] empire.memory3d DEBUG: 记忆形成: distill_agent [episodic] 机器学习模型训练优化经验...
[2026-05-23 10:22:37] empire.memory3d DEBUG: 记忆形成: distill_agent [episodic] 机器学习模型训练优化经验...
[2026-05-23 10:22:37] empire.memory3d DEBUG: 记忆形成: distill_agent [episodic] 机器学习模型训练优化经验...
[2026-05-23 10:22:37] empire.memory3d DEBUG: 记忆形成: distill_agent [episodic] 机器学习模型训练优化经验...
[2026-05-23 10:22:37] empire.memory3d DEBUG: 记忆形成: distill_agent [episodic] Python 机器学习编程实践...
[2026-05-23 10:22:37] empire.memory3d DEBUG: 记忆形成: distill_agent [episodic] Python 机器学习编程实践...
[2026-05-23 10:22:37] empire.memory3d DEBUG: 记忆形成: distill_agent [episodic] Python 机器学习编程实践...
[2026-05-23 10:22:37] empire.memory3d INFO: 记忆蒸馏完成: 9 条新规律 (共 9 条)
[2026-05-23 10:22:37] empire.memory3d DEBUG: 记忆形成: distill_agent [episodic] Python 编程语言学习经验总结...
[2026-05-23 10:22:37] empire.memory3d DEBUG: 记忆形成: distill_agent [episodic] Python 编程语言学习经验总结...
[2026-05-23 10:22:37] empire.memory3d DEBUG: 记忆形成: distill_agent [episodic] Python 编程语言学习经验总结...
[2026-05-23 10:22:37] empire.memory3d DEBUG: 记忆形成: distill_agent [episodic] Python 编程语言学习经验总结...
[2026-05-23 10:22:37] empire.memory3d DEBUG: 记忆形成: distill_agent [episodic] Python 编程语言学习经验总结...
[2026-05-23 10:22:37] empire.memory3d DEBUG: 记忆形成: distill_agent [episodic] 机器学习模型训练优化经验...
[2026-05-23 10:22:37] empire.memory3d DEBUG: 记忆形成: distill_agent [episodic] 机器学习模型训练优化经验...
[2026-05-23 10:22:37] empire.memory3d DEBUG: 记忆形成: distill_agent [episodic] 机器学习模型训练优化经验...
[2026-05-23 10:22:37] empire.memory3d DEBUG: 记忆形成: distill_agent [episodic] 机器学习模型训练优化经验...
[2026-05-23 10:22:37] empire.memory3d DEBUG: 记忆形成: distill_agent [episodic] Python 机器学习编程实践...
[2026-05-23 10:22:37] empire.memory3d DEBUG: 记忆形成: distill_agent [episodic] Python 机器学习编程实践...
[2026-05-23 10:22:37] empire.memory3d DEBUG: 记忆形成: distill_agent [episodic] Python 机器学习编程实践...
[2026-05-23 10:22:37] empire.memory3d INFO: 记忆蒸馏完成: 9 条新规律 (共 9 条)
[2026-05-23 10:22:37] empire.memory3d INFO: 记忆蒸馏完成: 9 条新规律 (共 9 条)
[2026-05-23 10:22:37] empire.memory3d DEBUG: 记忆形成: distill_agent [episodic] Python 编程语言学习经验总结...
[2026-05-23 10:22:37] empire.memory3d DEBUG: 记忆形成: distill_agent [episodic] Python 编程语言学习经验总结...
[2026-05-23 10:22:37] empire.memory3d DEBUG: 记忆形成: distill_agent [episodic] Python 编程语言学习经验总结...
[2026-05-23 10:22:37] empire.memory3d DEBUG: 记忆形成: distill_agent [episodic] Python 编程语言学习经验总结...
[2026-05-23 10:22:37] empire.memory3d DEBUG: 记忆形成: distill_agent [episodic] Python 编程语言学习经验总结...
[2026-05-23 10:22:37] empire.memory3d DEBUG: 记忆形成: distill_agent [episodic] 机器学习模型训练优化经验...
[2026-05-23 10:22:37] empire.memory3d DEBUG: 记忆形成: distill_agent [episodic] 机器学习模型训练优化经验...
[2026-05-23 10:22:37] empire.memory3d DEBUG: 记忆形成: distill_agent [episodic] 机器学习模型训练优化经验...
[2026-05-23 10:22:37] empire.memory3d DEBUG: 记忆形成: distill_agent [episodic] 机器学习模型训练优化经验...
[2026-05-23 10:22:37] empire.memory3d DEBUG: 记忆形成: distill_agent [episodic] Python 机器学习编程实践...
[2026-05-23 10:22:37] empire.memory3d DEBUG: 记忆形成: distill_agent [episodic] Python 机器学习编程实践...
[2026-05-23 10:22:37] empire.memory3d DEBUG: 记忆形成: distill_agent [episodic] Python 机器学习编程实践...
[2026-05-23 10:22:37] empire.memory3d INFO: 记忆蒸馏完成: 9 条新规律 (共 9 条)
[2026-05-23 10:22:37] empire.memory3d DEBUG: 记忆形成: distill_agent [episodic] Python 编程语言学习经验总结...
[2026-05-23 10:22:37] empire.memory3d DEBUG: 记忆形成: distill_agent [episodic] Python 编程语言学习经验总结...
[2026-05-23 10:22:37] empire.memory3d DEBUG: 记忆形成: distill_agent [episodic] Python 编程语言学习经验总结...
[2026-05-23 10:22:37] empire.memory3d DEBUG: 记忆形成: distill_agent [episodic] Python 编程语言学习经验总结...
[2026-05-23 10:22:37] empire.memory3d DEBUG: 记忆形成: distill_agent [episodic] Python 编程语言学习经验总结...
[2026-05-23 10:22:37] empire.memory3d DEBUG: 记忆形成: distill_agent [episodic] 机器学习模型训练优化经验...
[2026-05-23 10:22:37] empire.memory3d DEBUG: 记忆形成: distill_agent [episodic] 机器学习模型训练优化经验...
[2026-05-23 10:22:37] empire.memory3d DEBUG: 记忆形成: distill_agent [episodic] 机器学习模型训练优化经验...
[2026-05-23 10:22:37] empire.memory3d DEBUG: 记忆形成: distill_agent [episodic] 机器学习模型训练优化经验...
[2026-05-23 10:22:37] empire.memory3d DEBUG: 记忆形成: distill_agent [episodic] Python 机器学习编程实践...
[2026-05-23 10:22:37] empire.memory3d DEBUG: 记忆形成: distill_agent [episodic] Python 机器学习编程实践...
[2026-05-23 10:22:37] empire.memory3d DEBUG: 记忆形成: distill_agent [episodic] Python 机器学习编程实践...
[2026-05-23 10:22:37] empire.memory3d INFO: 记忆蒸馏完成: 9 条新规律 (共 9 条)
[2026-05-23 10:22:37] empire.memory3d DEBUG: 记忆形成: sparse [episodic] only one...
[2026-05-23 10:22:37] empire.memory3d DEBUG: 记忆形成: distill_agent [episodic] Python 编程语言学习经验总结...
[2026-05-23 10:22:37] empire.memory3d DEBUG: 记忆形成: distill_agent [episodic] Python 编程语言学习经验总结...
[2026-05-23 10:22:37] empire.memory3d DEBUG: 记忆形成: distill_agent [episodic] Python 编程语言学习经验总结...
[2026-05-23 10:22:37] empire.memory3d DEBUG: 记忆形成: distill_agent [episodic] Python 编程语言学习经验总结...
[2026-05-23 10:22:37] empire.memory3d DEBUG: 记忆形成: distill_agent [episodic] Python 编程语言学习经验总结...
[2026-05-23 10:22:37] empire.memory3d DEBUG: 记忆形成: distill_agent [episodic] 机器学习模型训练优化经验...
[2026-05-23 10:22:37] empire.memory3d DEBUG: 记忆形成: distill_agent [episodic] 机器学习模型训练优化经验...
[2026-05-23 10:22:37] empire.memory3d DEBUG: 记忆形成: distill_agent [episodic] 机器学习模型训练优化经验...
[2026-05-23 10:22:37] empire.memory3d DEBUG: 记忆形成: distill_agent [episodic] 机器学习模型训练优化经验...
[2026-05-23 10:22:37] empire.memory3d DEBUG: 记忆形成: distill_agent [episodic] Python 机器学习编程实践...
[2026-05-23 10:22:37] empire.memory3d DEBUG: 记忆形成: distill_agent [episodic] Python 机器学习编程实践...
[2026-05-23 10:22:37] empire.memory3d DEBUG: 记忆形成: distill_agent [episodic] Python 机器学习编程实践...
[2026-05-23 10:22:37] empire.memory3d INFO: 记忆蒸馏完成: 9 条新规律 (共 9 条)
[2026-05-23 10:22:37] empire.memory3d DEBUG: 记忆形成: distill_agent [episodic] Python 编程语言学习经验总结...
[2026-05-23 10:22:37] empire.memory3d DEBUG: 记忆形成: distill_agent [episodic] Python 编程语言学习经验总结...
[2026-05-23 10:22:37] empire.memory3d DEBUG: 记忆形成: distill_agent [episodic] Python 编程语言学习经验总结...
[2026-05-23 10:22:37] empire.memory3d DEBUG: 记忆形成: distill_agent [episodic] Python 编程语言学习经验总结...
[2026-05-23 10:22:37] empire.memory3d DEBUG: 记忆形成: distill_agent [episodic] Python 编程语言学习经验总结...
[2026-05-23 10:22:37] empire.memory3d DEBUG: 记忆形成: distill_agent [episodic] 机器学习模型训练优化经验...
[2026-05-23 10:22:37] empire.memory3d DEBUG: 记忆形成: distill_agent [episodic] 机器学习模型训练优化经验...
[2026-05-23 10:22:37] empire.memory3d DEBUG: 记忆形成: distill_agent [episodic] 机器学习模型训练优化经验...
[2026-05-23 10:22:37] empire.memory3d DEBUG: 记忆形成: distill_agent [episodic] 机器学习模型训练优化经验...
[2026-05-23 10:22:37] empire.memory3d DEBUG: 记忆形成: distill_agent [episodic] Python 机器学习编程实践...
[2026-05-23 10:22:37] empire.memory3d DEBUG: 记忆形成: distill_agent [episodic] Python 机器学习编程实践...
[2026-05-23 10:22:37] empire.memory3d DEBUG: 记忆形成: distill_agent [episodic] Python 机器学习编程实践...
[2026-05-23 10:22:37] empire.memory3d INFO: 记忆蒸馏完成: 9 条新规律 (共 9 条)
[2026-05-23 10:22:37] empire.memory3d DEBUG: 记忆形成: distill_agent [episodic] Python 编程语言学习经验总结...
[2026-05-23 10:22:37] empire.memory3d DEBUG: 记忆形成: distill_agent [episodic] Python 编程语言学习经验总结...
[2026-05-23 10:22:37] empire.memory3d DEBUG: 记忆形成: distill_agent [episodic] Python 编程语言学习经验总结...
[2026-05-23 10:22:37] empire.memory3d DEBUG: 记忆形成: distill_agent [episodic] Python 编程语言学习经验总结...
[2026-05-23 10:22:37] empire.memory3d DEBUG: 记忆形成: distill_agent [episodic] Python 编程语言学习经验总结...
[2026-05-23 10:22:37] empire.memory3d DEBUG: 记忆形成: distill_agent [episodic] 机器学习模型训练优化经验...
[2026-05-23 10:22:37] empire.memory3d DEBUG: 记忆形成: distill_agent [episodic] 机器学习模型训练优化经验...
[2026-05-23 10:22:37] empire.memory3d DEBUG: 记忆形成: distill_agent [episodic] 机器学习模型训练优化经验...
[2026-05-23 10:22:37] empire.memory3d DEBUG: 记忆形成: distill_agent [episodic] 机器学习模型训练优化经验...
[2026-05-23 10:22:37] empire.memory3d DEBUG: 记忆形成: distill_agent [episodic] Python 机器学习编程实践...
[2026-05-23 10:22:37] empire.memory3d DEBUG: 记忆形成: distill_agent [episodic] Python 机器学习编程实践...
[2026-05-23 10:22:37] empire.memory3d DEBUG: 记忆形成: distill_agent [episodic] Python 机器学习编程实践...
[2026-05-23 10:22:37] empire.memory3d DEBUG: 记忆形成: distill_agent [episodic] Python 编程语言学习经验总结...
[2026-05-23 10:22:37] empire.memory3d DEBUG: 记忆形成: distill_agent [episodic] Python 编程语言学习经验总结...
[2026-05-23 10:22:37] empire.memory3d DEBUG: 记忆形成: distill_agent [episodic] Python 编程语言学习经验总结...
[2026-05-23 10:22:37] empire.memory3d DEBUG: 记忆形成: distill_agent [episodic] Python 编程语言学习经验总结...
[2026-05-23 10:22:37] empire.memory3d DEBUG: 记忆形成: distill_agent [episodic] Python 编程语言学习经验总结...
[2026-05-23 10:22:37] empire.memory3d DEBUG: 记忆形成: distill_agent [episodic] 机器学习模型训练优化经验...
[2026-05-23 10:22:37] empire.memory3d DEBUG: 记忆形成: distill_agent [episodic] 机器学习模型训练优化经验...
[2026-05-23 10:22:37] empire.memory3d DEBUG: 记忆形成: distill_agent [episodic] 机器学习模型训练优化经验...
[2026-05-23 10:22:37] empire.memory3d DEBUG: 记忆形成: distill_agent [episodic] 机器学习模型训练优化经验...
[2026-05-23 10:22:37] empire.memory3d DEBUG: 记忆形成: distill_agent [episodic] Python 机器学习编程实践...
[2026-05-23 10:22:37] empire.memory3d DEBUG: 记忆形成: distill_agent [episodic] Python 机器学习编程实践...
[2026-05-23 10:22:37] empire.memory3d DEBUG: 记忆形成: distill_agent [episodic] Python 机器学习编程实践...
[2026-05-23 10:22:37] empire.memory3d INFO: 记忆蒸馏完成: 9 条新规律 (共 9 条)
[2026-05-23 10:22:37] empire.memory3d DEBUG: 记忆形成: proactive_agent [episodic] Python 编程技巧...
[2026-05-23 10:22:37] empire.memory3d DEBUG: 记忆形成: proactive_agent [episodic] 数据库优化方案...
[2026-05-23 10:22:37] empire.memory3d DEBUG: 记忆形成: proactive_agent [episodic] Python 数据库连接...
[2026-05-23 10:22:37] empire.memory3d DEBUG: 注册触发规则: ['python'] -> efd6a23762
[2026-05-23 10:22:37] empire.memory3d WARNING: 触发规则回调异常: intentional error
[2026-05-23 10:22:37] empire.memory3d DEBUG: 记忆形成: proactive_agent [episodic] Python 编程技巧...
[2026-05-23 10:22:37] empire.memory3d DEBUG: 记忆形成: proactive_agent [episodic] 数据库优化方案...
[2026-05-23 10:22:37] empire.memory3d DEBUG: 记忆形成: proactive_agent [episodic] Python 数据库连接...
[2026-05-23 10:22:37] empire.memory3d DEBUG: 注册触发规则: ['python'] -> e7e70f5955
[2026-05-23 10:22:37] empire.memory3d DEBUG: 记忆形成: proactive_agent [episodic] Python 编程技巧...
[2026-05-23 10:22:37] empire.memory3d DEBUG: 记忆形成: proactive_agent [episodic] 数据库优化方案...
[2026-05-23 10:22:37] empire.memory3d DEBUG: 记忆形成: proactive_agent [episodic] Python 数据库连接...
[2026-05-23 10:22:37] empire.memory3d DEBUG: 注册触发规则: ['python'] -> 70795d10e7
[2026-05-23 10:22:37] empire.memory3d DEBUG: 记忆形成: proactive_agent [episodic] Python 编程技巧...
[2026-05-23 10:22:37] empire.memory3d DEBUG: 记忆形成: proactive_agent [episodic] 数据库优化方案...
[2026-05-23 10:22:37] empire.memory3d DEBUG: 记忆形成: proactive_agent [episodic] Python 数据库连接...
[2026-05-23 10:22:37] empire.memory3d DEBUG: 注册触发规则: ['test'] -> 7fea89da0f
[2026-05-23 10:22:37] empire.memory3d DEBUG: 记忆形成: proactive_agent [episodic] Python 编程技巧...
[2026-05-23 10:22:37] empire.memory3d DEBUG: 记忆形成: proactive_agent [episodic] 数据库优化方案...
[2026-05-23 10:22:37] empire.memory3d DEBUG: 记忆形成: proactive_agent [episodic] Python 数据库连接...
[2026-05-23 10:22:37] empire.memory3d DEBUG: 注册触发规则: ['python'] -> b206df890e
[2026-05-23 10:22:37] empire.memory3d DEBUG: 记忆形成: proactive_agent [episodic] Python 编程技巧...
[2026-05-23 10:22:37] empire.memory3d DEBUG: 记忆形成: proactive_agent [episodic] 数据库优化方案...
[2026-05-23 10:22:37] empire.memory3d DEBUG: 记忆形成: proactive_agent [episodic] Python 数据库连接...
[2026-05-23 10:22:37] empire.memory3d DEBUG: 注册触发规则: ['a'] -> 1398e53969
[2026-05-23 10:22:37] empire.memory3d DEBUG: 注册触发规则: ['b'] -> ffffe86383
[2026-05-23 10:22:37] empire.memory3d DEBUG: 注册触发规则: ['c'] -> bac8b3b8b2
[2026-05-23 10:22:37] empire.memory3d DEBUG: 记忆形成: proactive_agent [episodic] Python 编程技巧...
[2026-05-23 10:22:37] empire.memory3d DEBUG: 记忆形成: proactive_agent [episodic] 数据库优化方案...
[2026-05-23 10:22:37] empire.memory3d DEBUG: 记忆形成: proactive_agent [episodic] Python 数据库连接...
[2026-05-23 10:22:37] empire.memory3d DEBUG: 注册触发规则: ['a'] -> 355fdb9772
[2026-05-23 10:22:37] empire.memory3d DEBUG: 注册触发规则: ['b'] -> dde4370972
[2026-05-23 10:22:37] empire.memory3d DEBUG: 记忆形成: proactive_agent [episodic] Python 编程技巧...
[2026-05-23 10:22:37] empire.memory3d DEBUG: 记忆形成: proactive_agent [episodic] 数据库优化方案...
[2026-05-23 10:22:37] empire.memory3d DEBUG: 记忆形成: proactive_agent [episodic] Python 数据库连接...
[2026-05-23 10:22:37] empire.memory3d DEBUG: 注册触发规则: ['python', '编程'] -> 8df1ac24f3
[2026-05-23 10:22:37] empire.memory3d DEBUG: 注册触发规则: ['database'] -> dc83d82bae
[2026-05-23 10:22:37] empire.memory3d DEBUG: 记忆形成: proactive_agent [episodic] Python 编程技巧...
[2026-05-23 10:22:37] empire.memory3d DEBUG: 记忆形成: proactive_agent [episodic] 数据库优化方案...
[2026-05-23 10:22:37] empire.memory3d DEBUG: 记忆形成: proactive_agent [episodic] Python 数据库连接...
[2026-05-23 10:22:37] empire.memory3d DEBUG: 注册触发规则: ['python'] -> 1b4f0894ff
[2026-05-23 10:22:37] empire.memory3d DEBUG: 记忆形成: proactive_agent [episodic] Python 编程技巧...
[2026-05-23 10:22:37] empire.memory3d DEBUG: 记忆形成: proactive_agent [episodic] 数据库优化方案...
[2026-05-23 10:22:37] empire.memory3d DEBUG: 记忆形成: proactive_agent [episodic] Python 数据库连接...
[2026-05-23 10:22:37] empire.memory3d DEBUG: 注册触发规则: ['quantum', 'physics'] -> 36a9a4f756
[2026-05-23 10:22:37] empire.memory3d DEBUG: 记忆形成: proactive_agent [episodic] Python 编程技巧...
[2026-05-23 10:22:37] empire.memory3d DEBUG: 记忆形成: proactive_agent [episodic] 数据库优化方案...
[2026-05-23 10:22:37] empire.memory3d DEBUG: 记忆形成: proactive_agent [episodic] Python 数据库连接...
[2026-05-23 10:22:37] empire.memory3d DEBUG: 注册触发规则: ['python'] -> Python trigger
[2026-05-23 10:22:37] empire.memory3d DEBUG: 记忆形成: proactive_agent [episodic] Python 编程技巧...
[2026-05-23 10:22:37] empire.memory3d DEBUG: 记忆形成: proactive_agent [episodic] 数据库优化方案...
[2026-05-23 10:22:37] empire.memory3d DEBUG: 记忆形成: proactive_agent [episodic] Python 数据库连接...
[2026-05-23 10:22:37] empire.memory3d DEBUG: 注册触发规则: ['python', 'coding'] -> 56c0313702
[2026-05-23 10:22:37] empire.memory3d DEBUG: 记忆形成: proactive_agent [episodic] Python 编程技巧...
[2026-05-23 10:22:37] empire.memory3d DEBUG: 记忆形成: proactive_agent [episodic] 数据库优化方案...
[2026-05-23 10:22:37] empire.memory3d DEBUG: 记忆形成: proactive_agent [episodic] Python 数据库连接...
[2026-05-23 10:22:37] empire.memory3d DEBUG: 注册触发规则: ['python'] -> 86b8395702
[2026-05-23 10:22:37] empire.memory3d DEBUG: 注册触发规则: ['python', '编程'] -> 51d1702471
[2026-05-23 10:22:37] empire.memory3d DEBUG: 记忆形成: proactive_agent [episodic] Python 编程技巧...
[2026-05-23 10:22:37] empire.memory3d DEBUG: 记忆形成: proactive_agent [episodic] 数据库优化方案...
[2026-05-23 10:22:37] empire.memory3d DEBUG: 记忆形成: proactive_agent [episodic] Python 数据库连接...
[2026-05-23 10:22:37] empire.memory3d DEBUG: 注册触发规则: ['python', '编程'] -> Python 相关
[2026-05-23 10:22:37] empire.memory3d DEBUG: 记忆形成: proactive_agent [episodic] Python 编程技巧...
[2026-05-23 10:22:37] empire.memory3d DEBUG: 记忆形成: proactive_agent [episodic] 数据库优化方案...
[2026-05-23 10:22:37] empire.memory3d DEBUG: 记忆形成: proactive_agent [episodic] Python 数据库连接...
[2026-05-23 10:22:37] empire.memory3d DEBUG: 注册触发规则: ['test'] -> 40444353cc
[2026-05-23 10:22:37] empire.memory3d DEBUG: 记忆形成: proactive_agent [episodic] Python 编程技巧...
[2026-05-23 10:22:37] empire.memory3d DEBUG: 记忆形成: proactive_agent [episodic] 数据库优化方案...
[2026-05-23 10:22:37] empire.memory3d DEBUG: 记忆形成: proactive_agent [episodic] Python 数据库连接...
[2026-05-23 10:22:37] empire.memory3d DEBUG: 注册触发规则: ['python'] -> 3b7a464942
[2026-05-23 10:25:29] empire.memory3d DEBUG: 记忆形成: test_compat [episodic] test memory...
[2026-05-23 10:25:32] empire.memory3d DEBUG: 因果关系: 下雨 → 地面湿 (置信度=0.90)
[2026-05-23 10:25:32] empire.memory3d DEBUG: 因果关系: 下雨 → 交通拥堵 (置信度=0.60)
[2026-05-23 10:25:32] empire.memory3d DEBUG: 因果关系: X → Y (置信度=0.90)
[2026-05-23 10:25:32] empire.memory3d DEBUG: 因果关系: Y → Z (置信度=0.80)
[2026-05-23 10:25:32] empire.memory3d DEBUG: 因果关系: A → B (置信度=0.90)
[2026-05-23 10:25:32] empire.memory3d DEBUG: 因果关系: B → A (置信度=0.80)
[2026-05-23 10:25:32] empire.memory3d DEBUG: 因果关系: A → B (置信度=0.90)
[2026-05-23 10:25:32] empire.memory3d DEBUG: 因果关系: B → C (置信度=0.80)
[2026-05-23 10:25:32] empire.memory3d DEBUG: 因果关系: C → D (置信度=0.70)
[2026-05-23 10:25:32] empire.memory3d DEBUG: 因果关系: A → B (置信度=1.50)
[2026-05-23 10:25:32] empire.memory3d DEBUG: 因果关系: C → D (置信度=-0.50)
[2026-05-23 10:25:32] empire.memory3d DEBUG: 因果关系: X → Y (置信度=0.90)
[2026-05-23 10:25:32] empire.memory3d DEBUG: 因果关系: Y → Z (置信度=0.80)
[2026-05-23 10:25:32] empire.memory3d DEBUG: 因果关系: A → B (置信度=0.90)
[2026-05-23 10:25:32] empire.memory3d DEBUG: 因果关系: bug → crash (置信度=0.80)
[2026-05-23 10:25:32] empire.memory3d DEBUG: 因果关系: memory_leak → crash (置信度=0.70)
[2026-05-23 10:25:32] empire.memory3d DEBUG: 因果关系: A → B (置信度=0.30)
[2026-05-23 10:25:32] empire.memory3d DEBUG: 因果关系: A → C (置信度=0.80)
[2026-05-23 10:25:32] empire.memory3d DEBUG: 因果关系: cause → effect (置信度=0.85)
[2026-05-23 10:25:32] empire.memory3d DEBUG: 因果关系: A → B (置信度=0.90)
[2026-05-23 10:25:32] empire.memory3d DEBUG: 因果关系: t0_cause_0 → t0_effect_0 (置信度=0.50)
[2026-05-23 10:25:32] empire.memory3d DEBUG: 因果关系: t0_cause_1 → t0_effect_1 (置信度=0.50)
[2026-05-23 10:25:32] empire.memory3d DEBUG: 因果关系: t0_cause_2 → t0_effect_2 (置信度=0.50)
[2026-05-23 10:25:32] empire.memory3d DEBUG: 因果关系: t0_cause_3 → t0_effect_3 (置信度=0.50)
[2026-05-23 10:25:32] empire.memory3d DEBUG: 因果关系: t0_cause_4 → t0_effect_4 (置信度=0.50)
[2026-05-23 10:25:32] empire.memory3d DEBUG: 因果关系: t0_cause_5 → t0_effect_5 (置信度=0.50)
[2026-05-23 10:25:32] empire.memory3d DEBUG: 因果关系: t0_cause_6 → t0_effect_6 (置信度=0.50)
[2026-05-23 10:25:32] empire.memory3d DEBUG: 因果关系: t0_cause_7 → t0_effect_7 (置信度=0.50)
[2026-05-23 10:25:32] empire.memory3d DEBUG: 因果关系: t0_cause_8 → t0_effect_8 (置信度=0.50)
[2026-05-23 10:25:32] empire.memory3d DEBUG: 因果关系: t0_cause_9 → t0_effect_9 (置信度=0.50)
[2026-05-23 10:25:32] empire.memory3d DEBUG: 因果关系: t0_cause_10 → t0_effect_10 (置信度=0.50)
[2026-05-23 10:25:32] empire.memory3d DEBUG: 因果关系: t0_cause_11 → t0_effect_11 (置信度=0.50)
[2026-05-23 10:25:32] empire.memory3d DEBUG: 因果关系: t0_cause_12 → t0_effect_12 (置信度=0.50)
[2026-05-23 10:25:32] empire.memory3d DEBUG: 因果关系: t0_cause_13 → t0_effect_13 (置信度=0.50)
[2026-05-23 10:25:32] empire.memory3d DEBUG: 因果关系: t0_cause_14 → t0_effect_14 (置信度=0.50)
[2026-05-23 10:25:32] empire.memory3d DEBUG: 因果关系: t0_cause_15 → t0_effect_15 (置信度=0.50)
[2026-05-23 10:25:32] empire.memory3d DEBUG: 因果关系: t0_cause_16 → t0_effect_16 (置信度=0.50)
[2026-05-23 10:25:32] empire.memory3d DEBUG: 因果关系: t0_cause_17 → t0_effect_17 (置信度=0.50)
[2026-05-23 10:25:32] empire.memory3d DEBUG: 因果关系: t0_cause_18 → t0_effect_18 (置信度=0.50)
[2026-05-23 10:25:32] empire.memory3d DEBUG: 因果关系: t0_cause_19 → t0_effect_19 (置信度=0.50)
[2026-05-23 10:25:32] empire.memory3d DEBUG: 因果关系: t2_cause_0 → t2_effect_0 (置信度=0.50)
[2026-05-23 10:25:32] empire.memory3d DEBUG: 因果关系: t2_cause_1 → t2_effect_1 (置信度=0.50)
[2026-05-23 10:25:32] empire.memory3d DEBUG: 因果关系: t2_cause_2 → t2_effect_2 (置信度=0.50)
[2026-05-23 10:25:32] empire.memory3d DEBUG: 因果关系: t2_cause_3 → t2_effect_3 (置信度=0.50)
[2026-05-23 10:25:32] empire.memory3d DEBUG: 因果关系: t2_cause_4 → t2_effect_4 (置信度=0.50)
[2026-05-23 10:25:32] empire.memory3d DEBUG: 因果关系: t2_cause_5 → t2_effect_5 (置信度=0.50)
[2026-05-23 10:25:32] empire.memory3d DEBUG: 因果关系: t2_cause_6 → t2_effect_6 (置信度=0.50)
[2026-05-23 10:25:32] empire.memory3d DEBUG: 因果关系: t2_cause_7 → t2_effect_7 (置信度=0.50)
[2026-05-23 10:25:32] empire.memory3d DEBUG: 因果关系: t2_cause_8 → t2_effect_8 (置信度=0.50)
[2026-05-23 10:25:32] empire.memory3d DEBUG: 因果关系: t2_cause_9 → t2_effect_9 (置信度=0.50)
[2026-05-23 10:25:32] empire.memory3d DEBUG: 因果关系: t2_cause_10 → t2_effect_10 (置信度=0.50)
[2026-05-23 10:25:32] empire.memory3d DEBUG: 因果关系: t2_cause_11 → t2_effect_11 (置信度=0.50)
[2026-05-23 10:25:32] empire.memory3d DEBUG: 因果关系: t2_cause_12 → t2_effect_12 (置信度=0.50)
[2026-05-23 10:25:32] empire.memory3d DEBUG: 因果关系: t2_cause_13 → t2_effect_13 (置信度=0.50)
[2026-05-23 10:25:32] empire.memory3d DEBUG: 因果关系: t2_cause_14 → t2_effect_14 (置信度=0.50)
[2026-05-23 10:25:32] empire.memory3d DEBUG: 因果关系: t2_cause_15 → t2_effect_15 (置信度=0.50)
[2026-05-23 10:25:32] empire.memory3d DEBUG: 因果关系: t2_cause_16 → t2_effect_16 (置信度=0.50)
[2026-05-23 10:25:32] empire.memory3d DEBUG: 因果关系: t2_cause_17 → t2_effect_17 (置信度=0.50)
[2026-05-23 10:25:32] empire.memory3d DEBUG: 因果关系: t2_cause_18 → t2_effect_18 (置信度=0.50)
[2026-05-23 10:25:32] empire.memory3d DEBUG: 因果关系: t2_cause_19 → t2_effect_19 (置信度=0.50)
[2026-05-23 10:25:32] empire.memory3d DEBUG: 因果关系: t1_cause_0 → t1_effect_0 (置信度=0.50)
[2026-05-23 10:25:32] empire.memory3d DEBUG: 因果关系: t1_cause_1 → t1_effect_1 (置信度=0.50)
[2026-05-23 10:25:32] empire.memory3d DEBUG: 因果关系: t1_cause_2 → t1_effect_2 (置信度=0.50)
[2026-05-23 10:25:32] empire.memory3d DEBUG: 因果关系: t1_cause_3 → t1_effect_3 (置信度=0.50)
[2026-05-23 10:25:32] empire.memory3d DEBUG: 因果关系: t1_cause_4 → t1_effect_4 (置信度=0.50)
[2026-05-23 10:25:32] empire.memory3d DEBUG: 因果关系: t1_cause_5 → t1_effect_5 (置信度=0.50)
[2026-05-23 10:25:32] empire.memory3d DEBUG: 因果关系: t1_cause_6 → t1_effect_6 (置信度=0.50)
[2026-05-23 10:25:32] empire.memory3d DEBUG: 因果关系: t1_cause_7 → t1_effect_7 (置信度=0.50)
[2026-05-23 10:25:32] empire.memory3d DEBUG: 因果关系: t1_cause_8 → t1_effect_8 (置信度=0.50)
[2026-05-23 10:25:32] empire.memory3d DEBUG: 因果关系: t1_cause_9 → t1_effect_9 (置信度=0.50)
[2026-05-23 10:25:32] empire.memory3d DEBUG: 因果关系: t1_cause_10 → t1_effect_10 (置信度=0.50)
[2026-05-23 10:25:32] empire.memory3d DEBUG: 因果关系: t1_cause_11 → t1_effect_11 (置信度=0.50)
[2026-05-23 10:25:32] empire.memory3d DEBUG: 因果关系: t1_cause_12 → t1_effect_12 (置信度=0.50)
[2026-05-23 10:25:32] empire.memory3d DEBUG: 因果关系: t1_cause_13 → t1_effect_13 (置信度=0.50)
[2026-05-23 10:25:32] empire.memory3d DEBUG: 因果关系: t1_cause_14 → t1_effect_14 (置信度=0.50)
[2026-05-23 10:25:32] empire.memory3d DEBUG: 因果关系: t1_cause_15 → t1_effect_15 (置信度=0.50)
[2026-05-23 10:25:32] empire.memory3d DEBUG: 因果关系: t1_cause_16 → t1_effect_16 (置信度=0.50)
[2026-05-23 10:25:32] empire.memory3d DEBUG: 因果关系: t1_cause_17 → t1_effect_17 (置信度=0.50)
[2026-05-23 10:25:32] empire.memory3d DEBUG: 因果关系: t1_cause_18 → t1_effect_18 (置信度=0.50)
[2026-05-23 10:25:32] empire.memory3d DEBUG: 因果关系: t1_cause_19 → t1_effect_19 (置信度=0.50)
[2026-05-23 10:25:32] empire.memory3d DEBUG: 因果关系: t3_cause_0 → t3_effect_0 (置信度=0.50)
[2026-05-23 10:25:32] empire.memory3d DEBUG: 因果关系: t3_cause_1 → t3_effect_1 (置信度=0.50)
[2026-05-23 10:25:32] empire.memory3d DEBUG: 因果关系: t3_cause_2 → t3_effect_2 (置信度=0.50)
[2026-05-23 10:25:32] empire.memory3d DEBUG: 因果关系: t3_cause_3 → t3_effect_3 (置信度=0.50)
[2026-05-23 10:25:32] empire.memory3d DEBUG: 因果关系: t3_cause_4 → t3_effect_4 (置信度=0.50)
[2026-05-23 10:25:32] empire.memory3d DEBUG: 因果关系: t3_cause_5 → t3_effect_5 (置信度=0.50)
[2026-05-23 10:25:32] empire.memory3d DEBUG: 因果关系: t3_cause_6 → t3_effect_6 (置信度=0.50)
[2026-05-23 10:25:32] empire.memory3d DEBUG: 因果关系: t3_cause_7 → t3_effect_7 (置信度=0.50)
[2026-05-23 10:25:32] empire.memory3d DEBUG: 因果关系: t3_cause_8 → t3_effect_8 (置信度=0.50)
[2026-05-23 10:25:32] empire.memory3d DEBUG: 因果关系: t3_cause_9 → t3_effect_9 (置信度=0.50)
[2026-05-23 10:25:32] empire.memory3d DEBUG: 因果关系: t3_cause_10 → t3_effect_10 (置信度=0.50)
[2026-05-23 10:25:32] empire.memory3d DEBUG: 因果关系: t3_cause_11 → t3_effect_11 (置信度=0.50)
[2026-05-23 10:25:32] empire.memory3d DEBUG: 因果关系: t3_cause_12 → t3_effect_12 (置信度=0.50)
[2026-05-23 10:25:32] empire.memory3d DEBUG: 因果关系: t3_cause_13 → t3_effect_13 (置信度=0.50)
[2026-05-23 10:25:32] empire.memory3d DEBUG: 因果关系: t3_cause_14 → t3_effect_14 (置信度=0.50)
[2026-05-23 10:25:32] empire.memory3d DEBUG: 因果关系: t3_cause_15 → t3_effect_15 (置信度=0.50)
[2026-05-23 10:25:32] empire.memory3d DEBUG: 因果关系: t3_cause_16 → t3_effect_16 (置信度=0.50)
[2026-05-23 10:25:32] empire.memory3d DEBUG: 因果关系: t3_cause_17 → t3_effect_17 (置信度=0.50)
[2026-05-23 10:25:32] empire.memory3d DEBUG: 因果关系: t3_cause_18 → t3_effect_18 (置信度=0.50)
[2026-05-23 10:25:32] empire.memory3d DEBUG: 因果关系: t3_cause_19 → t3_effect_19 (置信度=0.50)
[2026-05-23 10:25:32] empire.memory3d DEBUG: 因果关系: root → child1 (置信度=0.90)
[2026-05-23 10:25:32] empire.memory3d DEBUG: 因果关系: root → child2 (置信度=0.70)
[2026-05-23 10:25:32] empire.memory3d INFO: 帝国图书馆: admin 发布知识 [general] secret knowledge...
[2026-05-23 10:25:32] empire.memory3d INFO: 帝国图书馆: admin 发布知识 [general] my knowledge...
[2026-05-23 10:25:32] empire.memory3d INFO: 帝国图书馆: a 发布知识 [general] public...
[2026-05-23 10:25:32] empire.memory3d INFO: 帝国图书馆: b 发布知识 [general] restricted...
[2026-05-23 10:25:32] empire.memory3d INFO: 帝国图书馆: c 发布知识 [general] secret...
[2026-05-23 10:25:32] empire.memory3d INFO: 帝国图书馆: alice 发布知识 [general] A...
[2026-05-23 10:25:32] empire.memory3d INFO: 帝国图书馆: alice 发布知识 [general] B...
[2026-05-23 10:25:32] empire.memory3d INFO: 帝国图书馆: bob 发布知识 [general] C...
[2026-05-23 10:25:32] empire.memory3d INFO: 帝国图书馆: a 发布知识 [technical] A...
[2026-05-23 10:25:32] empire.memory3d INFO: 帝国图书馆: b 发布知识 [strategy] B...
[2026-05-23 10:25:32] empire.memory3d INFO: 帝国图书馆: a 发布知识 [general] A...
[2026-05-23 10:25:32] empire.memory3d INFO: 帝国图书馆: b 发布知识 [general] B...
[2026-05-23 10:25:32] empire.memory3d INFO: 帝国图书馆: a 发布知识 [technical] A...
[2026-05-23 10:25:32] empire.memory3d INFO: 帝国图书馆: b 发布知识 [strategy] B...
[2026-05-23 10:25:32] empire.memory3d INFO: 帝国图书馆: a 发布知识 [general] v1...
[2026-05-23 10:25:32] empire.memory3d INFO: 帝国图书馆: a 发布知识 [general] content...
[2026-05-23 10:25:32] empire.memory3d INFO: 帝国图书馆: agent1 发布知识 [general] persistent knowledge...
[2026-05-23 10:25:32] empire.memory3d INFO: 帝国图书馆: agent1 发布知识 [technical] 如何使用 Python 进行数据分析...
[2026-05-23 10:25:32] empire.memory3d INFO: 帝国图书馆: agent1 发布知识 [invalid_category] test...
[2026-05-23 10:25:32] empire.memory3d INFO: 帝国图书馆: agent1 发布知识 [general] original...
[2026-05-23 10:25:32] empire.memory3d INFO: 帝国图书馆: agent1 发布知识 [general] content...
[2026-05-23 10:25:32] empire.memory3d INFO: 帝国图书馆: a 发布知识 [technical] tech content...
[2026-05-23 10:25:32] empire.memory3d INFO: 帝国图书馆: b 发布知识 [strategy] strategy content...
[2026-05-23 10:25:32] empire.memory3d INFO: 帝国图书馆: a 发布知识 [general] content A...
[2026-05-23 10:25:32] empire.memory3d INFO: 帝国图书馆: b 发布知识 [general] content B...
[2026-05-23 10:25:32] empire.memory3d INFO: 帝国图书馆: agent1 发布知识 [general] version 1...
[2026-05-23 10:25:32] empire.memory3d INFO: 帝国图书馆: agent1 发布知识 [general] Python 编程是最好的选择...
[2026-05-23 10:25:32] empire.memory3d INFO: 帝国图书馆: agent2 发布知识 [general] Python 编程适合数据科学...
[2026-05-23 10:25:32] empire.memory3d INFO: 帝国图书馆: agent3 发布知识 [general] Python 编程广泛应用...
[2026-05-23 10:25:32] empire.memory3d INFO: 帝国图书馆: agent4 发布知识 [general] Python 编程效率很高...
[2026-05-23 10:25:32] empire.memory3d DEBUG: 记忆形成: pipe_agent [episodic] Python 编程适合数据科学...
[2026-05-23 10:25:32] empire.memory3d DEBUG: 记忆形成: pipe_agent [episodic] Python 编程效率很高...
[2026-05-23 10:25:32] empire.memory3d DEBUG: 记忆形成: pipe_agent [episodic] Python 编程广泛应用...
[2026-05-23 10:25:32] empire.memory3d DEBUG: 记忆形成: pipe_agent [episodic] Python 编程是最好的选择...
[2026-05-23 10:25:32] empire.memory3d INFO: 记忆蒸馏完成: 1 条新规律 (共 1 条)
[2026-05-23 10:25:32] empire.memory3d DEBUG: 记忆形成: integ_agent [episodic] 部署新版本导致服务崩溃...
[2026-05-23 10:25:32] empire.memory3d DEBUG: 记忆形成: integ_agent [episodic] 数据库连接池耗尽导致超时...
[2026-05-23 10:25:32] empire.memory3d DEBUG: 因果关系: 部署新版本 → 服务崩溃 (置信度=0.85)
[2026-05-23 10:25:32] empire.memory3d DEBUG: 因果关系: 数据库连接池耗尽 → 请求超时 (置信度=0.90)
[2026-05-23 10:25:32] empire.memory3d DEBUG: 记忆形成: combo_agent [episodic] 服务器磁盘空间不足...
[2026-05-23 10:25:32] empire.memory3d DEBUG: 因果关系: 磁盘空间不足 → 服务宕机 (置信度=0.90)
[2026-05-23 10:25:32] empire.memory3d DEBUG: 注册触发规则: ['磁盘', 'disk'] -> 097536c4c7
[2026-05-23 10:25:32] empire.memory3d DEBUG: 记忆形成: agent1 [episodic] low...
[2026-05-23 10:25:32] empire.memory3d DEBUG: 记忆形成: agent1 [episodic] high...
[2026-05-23 10:25:32] empire.memory3d DEBUG: 记忆形成: agent1 [episodic] first...
[2026-05-23 10:25:32] empire.memory3d DEBUG: 记忆形成: agent1 [episodic] second...
[2026-05-23 10:25:32] empire.memory3d DEBUG: 记忆形成: agent1 [episodic] old interface...
[2026-05-23 10:25:32] empire.memory3d DEBUG: 记忆形成: agent1 [episodic] important event...
[2026-05-23 10:25:32] empire.memory3d DEBUG: 巩固 1 条记忆
[2026-05-23 10:25:32] empire.memory3d DEBUG: 记忆形成: agent1 [episodic] recent event...
[2026-05-23 10:25:32] empire.memory3d DEBUG: 记忆形成: agent1 [semantic] some knowledge...
[2026-05-23 10:25:32] empire.memory3d DEBUG: 记忆形成: agent1 [procedural] a skill...
[2026-05-23 10:25:32] empire.memory3d DEBUG: 记忆形成: agent1 [semantic] shared knowledge...
[2026-05-23 10:25:32] empire.memory3d DEBUG: 记忆形成: agent2 [semantic] shared knowledge...
[2026-05-23 10:25:32] empire.memory3d DEBUG: 记忆形成: agent1 [episodic] episodic event...
[2026-05-23 10:25:32] empire.memory3d DEBUG: 记忆形成: agent1 [semantic] public fact...
[2026-05-23 10:25:32] empire.memory3d DEBUG: 记忆形成: agent1 [episodic] forgettable...
[2026-05-23 10:25:32] empire.memory3d DEBUG: 遗忘 1 条记忆
[2026-05-23 10:25:32] empire.memory3d DEBUG: 记忆形成: agent1 [episodic] Python 是一种编程语言...
[2026-05-23 10:25:32] empire.memory3d DEBUG: 记忆形成: agent1 [episodic] test...
[2026-05-23 10:25:32] empire.memory3d DEBUG: 记忆形成: agent1 [episodic] a...
[2026-05-23 10:25:32] empire.memory3d DEBUG: 记忆形成: agent1 [semantic] b...
[2026-05-23 10:25:32] empire.memory3d DEBUG: 记忆形成: agent1 [episodic] lifecycle test...
[2026-05-23 10:25:32] empire.memory3d DEBUG: 巩固 1 条记忆
[2026-05-23 10:25:32] empire.memory3d DEBUG: 记忆形成: persist_agent [episodic] persistent memory...
[2026-05-23 10:25:32] empire.memory3d DEBUG: 记忆形成: agent1 [episodic] original...
[2026-05-23 10:25:32] empire.memory3d DEBUG: 记忆形成: distill_agent [episodic] Python 编程语言学习经验总结...
[2026-05-23 10:25:32] empire.memory3d DEBUG: 记忆形成: distill_agent [episodic] Python 编程语言学习经验总结...
[2026-05-23 10:25:32] empire.memory3d DEBUG: 记忆形成: distill_agent [episodic] Python 编程语言学习经验总结...
[2026-05-23 10:25:32] empire.memory3d DEBUG: 记忆形成: distill_agent [episodic] Python 编程语言学习经验总结...
[2026-05-23 10:25:32] empire.memory3d DEBUG: 记忆形成: distill_agent [episodic] Python 编程语言学习经验总结...
[2026-05-23 10:25:32] empire.memory3d DEBUG: 记忆形成: distill_agent [episodic] 机器学习模型训练优化经验...
[2026-05-23 10:25:32] empire.memory3d DEBUG: 记忆形成: distill_agent [episodic] 机器学习模型训练优化经验...
[2026-05-23 10:25:32] empire.memory3d DEBUG: 记忆形成: distill_agent [episodic] 机器学习模型训练优化经验...
[2026-05-23 10:25:32] empire.memory3d DEBUG: 记忆形成: distill_agent [episodic] 机器学习模型训练优化经验...
[2026-05-23 10:25:32] empire.memory3d DEBUG: 记忆形成: distill_agent [episodic] Python 机器学习编程实践...
[2026-05-23 10:25:32] empire.memory3d DEBUG: 记忆形成: distill_agent [episodic] Python 机器学习编程实践...
[2026-05-23 10:25:32] empire.memory3d DEBUG: 记忆形成: distill_agent [episodic] Python 机器学习编程实践...
[2026-05-23 10:25:32] empire.memory3d INFO: 记忆蒸馏完成: 9 条新规律 (共 9 条)
[2026-05-23 10:25:32] empire.memory3d DEBUG: 记忆形成: distill_agent [episodic] Python 编程语言学习经验总结...
[2026-05-23 10:25:32] empire.memory3d DEBUG: 记忆形成: distill_agent [episodic] Python 编程语言学习经验总结...
[2026-05-23 10:25:32] empire.memory3d DEBUG: 记忆形成: distill_agent [episodic] Python 编程语言学习经验总结...
[2026-05-23 10:25:32] empire.memory3d DEBUG: 记忆形成: distill_agent [episodic] Python 编程语言学习经验总结...
[2026-05-23 10:25:32] empire.memory3d DEBUG: 记忆形成: distill_agent [episodic] Python 编程语言学习经验总结...
[2026-05-23 10:25:32] empire.memory3d DEBUG: 记忆形成: distill_agent [episodic] 机器学习模型训练优化经验...
[2026-05-23 10:25:32] empire.memory3d DEBUG: 记忆形成: distill_agent [episodic] 机器学习模型训练优化经验...
[2026-05-23 10:25:32] empire.memory3d DEBUG: 记忆形成: distill_agent [episodic] 机器学习模型训练优化经验...
[2026-05-23 10:25:32] empire.memory3d DEBUG: 记忆形成: distill_agent [episodic] 机器学习模型训练优化经验...
[2026-05-23 10:25:32] empire.memory3d DEBUG: 记忆形成: distill_agent [episodic] Python 机器学习编程实践...
[2026-05-23 10:25:32] empire.memory3d DEBUG: 记忆形成: distill_agent [episodic] Python 机器学习编程实践...
[2026-05-23 10:25:32] empire.memory3d DEBUG: 记忆形成: distill_agent [episodic] Python 机器学习编程实践...
[2026-05-23 10:25:32] empire.memory3d DEBUG: 记忆形成: distill_agent [episodic] Python 编程语言学习经验总结...
[2026-05-23 10:25:32] empire.memory3d DEBUG: 记忆形成: distill_agent [episodic] Python 编程语言学习经验总结...
[2026-05-23 10:25:32] empire.memory3d DEBUG: 记忆形成: distill_agent [episodic] Python 编程语言学习经验总结...
[2026-05-23 10:25:32] empire.memory3d DEBUG: 记忆形成: distill_agent [episodic] Python 编程语言学习经验总结...
[2026-05-23 10:25:32] empire.memory3d DEBUG: 记忆形成: distill_agent [episodic] Python 编程语言学习经验总结...
[2026-05-23 10:25:32] empire.memory3d DEBUG: 记忆形成: distill_agent [episodic] 机器学习模型训练优化经验...
[2026-05-23 10:25:32] empire.memory3d DEBUG: 记忆形成: distill_agent [episodic] 机器学习模型训练优化经验...
[2026-05-23 10:25:32] empire.memory3d DEBUG: 记忆形成: distill_agent [episodic] 机器学习模型训练优化经验...
[2026-05-23 10:25:32] empire.memory3d DEBUG: 记忆形成: distill_agent [episodic] 机器学习模型训练优化经验...
[2026-05-23 10:25:32] empire.memory3d DEBUG: 记忆形成: distill_agent [episodic] Python 机器学习编程实践...
[2026-05-23 10:25:32] empire.memory3d DEBUG: 记忆形成: distill_agent [episodic] Python 机器学习编程实践...
[2026-05-23 10:25:32] empire.memory3d DEBUG: 记忆形成: distill_agent [episodic] Python 机器学习编程实践...
[2026-05-23 10:25:32] empire.memory3d INFO: 记忆蒸馏完成: 9 条新规律 (共 9 条)
[2026-05-23 10:25:32] empire.memory3d DEBUG: 记忆形成: distill_agent [episodic] Python 编程语言学习经验总结...
[2026-05-23 10:25:32] empire.memory3d DEBUG: 记忆形成: distill_agent [episodic] Python 编程语言学习经验总结...
[2026-05-23 10:25:32] empire.memory3d DEBUG: 记忆形成: distill_agent [episodic] Python 编程语言学习经验总结...
[2026-05-23 10:25:32] empire.memory3d DEBUG: 记忆形成: distill_agent [episodic] Python 编程语言学习经验总结...
[2026-05-23 10:25:32] empire.memory3d DEBUG: 记忆形成: distill_agent [episodic] Python 编程语言学习经验总结...
[2026-05-23 10:25:32] empire.memory3d DEBUG: 记忆形成: distill_agent [episodic] 机器学习模型训练优化经验...
[2026-05-23 10:25:32] empire.memory3d DEBUG: 记忆形成: distill_agent [episodic] 机器学习模型训练优化经验...
[2026-05-23 10:25:32] empire.memory3d DEBUG: 记忆形成: distill_agent [episodic] 机器学习模型训练优化经验...
[2026-05-23 10:25:32] empire.memory3d DEBUG: 记忆形成: distill_agent [episodic] 机器学习模型训练优化经验...
[2026-05-23 10:25:32] empire.memory3d DEBUG: 记忆形成: distill_agent [episodic] Python 机器学习编程实践...
[2026-05-23 10:25:32] empire.memory3d DEBUG: 记忆形成: distill_agent [episodic] Python 机器学习编程实践...
[2026-05-23 10:25:32] empire.memory3d DEBUG: 记忆形成: distill_agent [episodic] Python 机器学习编程实践...
[2026-05-23 10:25:32] empire.memory3d INFO: 记忆蒸馏完成: 9 条新规律 (共 9 条)
[2026-05-23 10:25:32] empire.memory3d DEBUG: 记忆形成: distill_agent [episodic] Python 编程语言学习经验总结...
[2026-05-23 10:25:32] empire.memory3d DEBUG: 记忆形成: distill_agent [episodic] Python 编程语言学习经验总结...
[2026-05-23 10:25:32] empire.memory3d DEBUG: 记忆形成: distill_agent [episodic] Python 编程语言学习经验总结...
[2026-05-23 10:25:32] empire.memory3d DEBUG: 记忆形成: distill_agent [episodic] Python 编程语言学习经验总结...
[2026-05-23 10:25:32] empire.memory3d DEBUG: 记忆形成: distill_agent [episodic] Python 编程语言学习经验总结...
[2026-05-23 10:25:32] empire.memory3d DEBUG: 记忆形成: distill_agent [episodic] 机器学习模型训练优化经验...
[2026-05-23 10:25:32] empire.memory3d DEBUG: 记忆形成: distill_agent [episodic] 机器学习模型训练优化经验...
[2026-05-23 10:25:32] empire.memory3d DEBUG: 记忆形成: distill_agent [episodic] 机器学习模型训练优化经验...
[2026-05-23 10:25:32] empire.memory3d DEBUG: 记忆形成: distill_agent [episodic] 机器学习模型训练优化经验...
[2026-05-23 10:25:32] empire.memory3d DEBUG: 记忆形成: distill_agent [episodic] Python 机器学习编程实践...
[2026-05-23 10:25:32] empire.memory3d DEBUG: 记忆形成: distill_agent [episodic] Python 机器学习编程实践...
[2026-05-23 10:25:32] empire.memory3d DEBUG: 记忆形成: distill_agent [episodic] Python 机器学习编程实践...
[2026-05-23 10:25:32] empire.memory3d INFO: 记忆蒸馏完成: 9 条新规律 (共 9 条)
[2026-05-23 10:25:32] empire.memory3d INFO: 记忆蒸馏完成: 9 条新规律 (共 9 条)
[2026-05-23 10:25:32] empire.memory3d DEBUG: 记忆形成: distill_agent [episodic] Python 编程语言学习经验总结...
[2026-05-23 10:25:32] empire.memory3d DEBUG: 记忆形成: distill_agent [episodic] Python 编程语言学习经验总结...
[2026-05-23 10:25:32] empire.memory3d DEBUG: 记忆形成: distill_agent [episodic] Python 编程语言学习经验总结...
[2026-05-23 10:25:32] empire.memory3d DEBUG: 记忆形成: distill_agent [episodic] Python 编程语言学习经验总结...
[2026-05-23 10:25:32] empire.memory3d DEBUG: 记忆形成: distill_agent [episodic] Python 编程语言学习经验总结...
[2026-05-23 10:25:32] empire.memory3d DEBUG: 记忆形成: distill_agent [episodic] 机器学习模型训练优化经验...
[2026-05-23 10:25:32] empire.memory3d DEBUG: 记忆形成: distill_agent [episodic] 机器学习模型训练优化经验...
[2026-05-23 10:25:32] empire.memory3d DEBUG: 记忆形成: distill_agent [episodic] 机器学习模型训练优化经验...
[2026-05-23 10:25:32] empire.memory3d DEBUG: 记忆形成: distill_agent [episodic] 机器学习模型训练优化经验...
[2026-05-23 10:25:32] empire.memory3d DEBUG: 记忆形成: distill_agent [episodic] Python 机器学习编程实践...
[2026-05-23 10:25:32] empire.memory3d DEBUG: 记忆形成: distill_agent [episodic] Python 机器学习编程实践...
[2026-05-23 10:25:32] empire.memory3d DEBUG: 记忆形成: distill_agent [episodic] Python 机器学习编程实践...
[2026-05-23 10:25:32] empire.memory3d INFO: 记忆蒸馏完成: 9 条新规律 (共 9 条)
[2026-05-23 10:25:32] empire.memory3d DEBUG: 记忆形成: distill_agent [episodic] Python 编程语言学习经验总结...
[2026-05-23 10:25:32] empire.memory3d DEBUG: 记忆形成: distill_agent [episodic] Python 编程语言学习经验总结...
[2026-05-23 10:25:32] empire.memory3d DEBUG: 记忆形成: distill_agent [episodic] Python 编程语言学习经验总结...
[2026-05-23 10:25:32] empire.memory3d DEBUG: 记忆形成: distill_agent [episodic] Python 编程语言学习经验总结...
[2026-05-23 10:25:32] empire.memory3d DEBUG: 记忆形成: distill_agent [episodic] Python 编程语言学习经验总结...
[2026-05-23 10:25:32] empire.memory3d DEBUG: 记忆形成: distill_agent [episodic] 机器学习模型训练优化经验...
[2026-05-23 10:25:32] empire.memory3d DEBUG: 记忆形成: distill_agent [episodic] 机器学习模型训练优化经验...
[2026-05-23 10:25:32] empire.memory3d DEBUG: 记忆形成: distill_agent [episodic] 机器学习模型训练优化经验...
[2026-05-23 10:25:32] empire.memory3d DEBUG: 记忆形成: distill_agent [episodic] 机器学习模型训练优化经验...
[2026-05-23 10:25:32] empire.memory3d DEBUG: 记忆形成: distill_agent [episodic] Python 机器学习编程实践...
[2026-05-23 10:25:32] empire.memory3d DEBUG: 记忆形成: distill_agent [episodic] Python 机器学习编程实践...
[2026-05-23 10:25:32] empire.memory3d DEBUG: 记忆形成: distill_agent [episodic] Python 机器学习编程实践...
[2026-05-23 10:25:32] empire.memory3d INFO: 记忆蒸馏完成: 9 条新规律 (共 9 条)
[2026-05-23 10:25:32] empire.memory3d DEBUG: 记忆形成: sparse [episodic] only one...
[2026-05-23 10:25:32] empire.memory3d DEBUG: 记忆形成: distill_agent [episodic] Python 编程语言学习经验总结...
[2026-05-23 10:25:32] empire.memory3d DEBUG: 记忆形成: distill_agent [episodic] Python 编程语言学习经验总结...
[2026-05-23 10:25:32] empire.memory3d DEBUG: 记忆形成: distill_agent [episodic] Python 编程语言学习经验总结...
[2026-05-23 10:25:32] empire.memory3d DEBUG: 记忆形成: distill_agent [episodic] Python 编程语言学习经验总结...
[2026-05-23 10:25:32] empire.memory3d DEBUG: 记忆形成: distill_agent [episodic] Python 编程语言学习经验总结...
[2026-05-23 10:25:32] empire.memory3d DEBUG: 记忆形成: distill_agent [episodic] 机器学习模型训练优化经验...
[2026-05-23 10:25:32] empire.memory3d DEBUG: 记忆形成: distill_agent [episodic] 机器学习模型训练优化经验...
[2026-05-23 10:25:32] empire.memory3d DEBUG: 记忆形成: distill_agent [episodic] 机器学习模型训练优化经验...
[2026-05-23 10:25:32] empire.memory3d DEBUG: 记忆形成: distill_agent [episodic] 机器学习模型训练优化经验...
[2026-05-23 10:25:32] empire.memory3d DEBUG: 记忆形成: distill_agent [episodic] Python 机器学习编程实践...
[2026-05-23 10:25:32] empire.memory3d DEBUG: 记忆形成: distill_agent [episodic] Python 机器学习编程实践...
[2026-05-23 10:25:32] empire.memory3d DEBUG: 记忆形成: distill_agent [episodic] Python 机器学习编程实践...
[2026-05-23 10:25:32] empire.memory3d INFO: 记忆蒸馏完成: 9 条新规律 (共 9 条)
[2026-05-23 10:25:32] empire.memory3d DEBUG: 记忆形成: distill_agent [episodic] Python 编程语言学习经验总结...
[2026-05-23 10:25:32] empire.memory3d DEBUG: 记忆形成: distill_agent [episodic] Python 编程语言学习经验总结...
[2026-05-23 10:25:32] empire.memory3d DEBUG: 记忆形成: distill_agent [episodic] Python 编程语言学习经验总结...
[2026-05-23 10:25:32] empire.memory3d DEBUG: 记忆形成: distill_agent [episodic] Python 编程语言学习经验总结...
[2026-05-23 10:25:32] empire.memory3d DEBUG: 记忆形成: distill_agent [episodic] Python 编程语言学习经验总结...
[2026-05-23 10:25:32] empire.memory3d DEBUG: 记忆形成: distill_agent [episodic] 机器学习模型训练优化经验...
[2026-05-23 10:25:32] empire.memory3d DEBUG: 记忆形成: distill_agent [episodic] 机器学习模型训练优化经验...
[2026-05-23 10:25:32] empire.memory3d DEBUG: 记忆形成: distill_agent [episodic] 机器学习模型训练优化经验...
[2026-05-23 10:25:32] empire.memory3d DEBUG: 记忆形成: distill_agent [episodic] 机器学习模型训练优化经验...
[2026-05-23 10:25:32] empire.memory3d DEBUG: 记忆形成: distill_agent [episodic] Python 机器学习编程实践...
[2026-05-23 10:25:32] empire.memory3d DEBUG: 记忆形成: distill_agent [episodic] Python 机器学习编程实践...
[2026-05-23 10:25:32] empire.memory3d DEBUG: 记忆形成: distill_agent [episodic] Python 机器学习编程实践...
[2026-05-23 10:25:32] empire.memory3d INFO: 记忆蒸馏完成: 9 条新规律 (共 9 条)
[2026-05-23 10:25:32] empire.memory3d DEBUG: 记忆形成: distill_agent [episodic] Python 编程语言学习经验总结...
[2026-05-23 10:25:32] empire.memory3d DEBUG: 记忆形成: distill_agent [episodic] Python 编程语言学习经验总结...
[2026-05-23 10:25:32] empire.memory3d DEBUG: 记忆形成: distill_agent [episodic] Python 编程语言学习经验总结...
[2026-05-23 10:25:32] empire.memory3d DEBUG: 记忆形成: distill_agent [episodic] Python 编程语言学习经验总结...
[2026-05-23 10:25:32] empire.memory3d DEBUG: 记忆形成: distill_agent [episodic] Python 编程语言学习经验总结...
[2026-05-23 10:25:32] empire.memory3d DEBUG: 记忆形成: distill_agent [episodic] 机器学习模型训练优化经验...
[2026-05-23 10:25:32] empire.memory3d DEBUG: 记忆形成: distill_agent [episodic] 机器学习模型训练优化经验...
[2026-05-23 10:25:32] empire.memory3d DEBUG: 记忆形成: distill_agent [episodic] 机器学习模型训练优化经验...
[2026-05-23 10:25:32] empire.memory3d DEBUG: 记忆形成: distill_agent [episodic] 机器学习模型训练优化经验...
[2026-05-23 10:25:32] empire.memory3d DEBUG: 记忆形成: distill_agent [episodic] Python 机器学习编程实践...
[2026-05-23 10:25:32] empire.memory3d DEBUG: 记忆形成: distill_agent [episodic] Python 机器学习编程实践...
[2026-05-23 10:25:32] empire.memory3d DEBUG: 记忆形成: distill_agent [episodic] Python 机器学习编程实践...
[2026-05-23 10:25:32] empire.memory3d DEBUG: 记忆形成: distill_agent [episodic] Python 编程语言学习经验总结...
[2026-05-23 10:25:32] empire.memory3d DEBUG: 记忆形成: distill_agent [episodic] Python 编程语言学习经验总结...
[2026-05-23 10:25:32] empire.memory3d DEBUG: 记忆形成: distill_agent [episodic] Python 编程语言学习经验总结...
[2026-05-23 10:25:32] empire.memory3d DEBUG: 记忆形成: distill_agent [episodic] Python 编程语言学习经验总结...
[2026-05-23 10:25:32] empire.memory3d DEBUG: 记忆形成: distill_agent [episodic] Python 编程语言学习经验总结...
[2026-05-23 10:25:32] empire.memory3d DEBUG: 记忆形成: distill_agent [episodic] 机器学习模型训练优化经验...
[2026-05-23 10:25:32] empire.memory3d DEBUG: 记忆形成: distill_agent [episodic] 机器学习模型训练优化经验...
[2026-05-23 10:25:32] empire.memory3d DEBUG: 记忆形成: distill_agent [episodic] 机器学习模型训练优化经验...
[2026-05-23 10:25:32] empire.memory3d DEBUG: 记忆形成: distill_agent [episodic] 机器学习模型训练优化经验...
[2026-05-23 10:25:32] empire.memory3d DEBUG: 记忆形成: distill_agent [episodic] Python 机器学习编程实践...
[2026-05-23 10:25:32] empire.memory3d DEBUG: 记忆形成: distill_agent [episodic] Python 机器学习编程实践...
[2026-05-23 10:25:32] empire.memory3d DEBUG: 记忆形成: distill_agent [episodic] Python 机器学习编程实践...
[2026-05-23 10:25:32] empire.memory3d INFO: 记忆蒸馏完成: 9 条新规律 (共 9 条)
[2026-05-23 10:25:32] empire.memory3d DEBUG: 记忆形成: proactive_agent [episodic] Python 编程技巧...
[2026-05-23 10:25:32] empire.memory3d DEBUG: 记忆形成: proactive_agent [episodic] 数据库优化方案...
[2026-05-23 10:25:32] empire.memory3d DEBUG: 记忆形成: proactive_agent [episodic] Python 数据库连接...
[2026-05-23 10:25:32] empire.memory3d DEBUG: 注册触发规则: ['python'] -> f9a70c4fff
[2026-05-23 10:25:32] empire.memory3d WARNING: 触发规则回调异常: intentional error
[2026-05-23 10:25:32] empire.memory3d DEBUG: 记忆形成: proactive_agent [episodic] Python 编程技巧...
[2026-05-23 10:25:32] empire.memory3d DEBUG: 记忆形成: proactive_agent [episodic] 数据库优化方案...
[2026-05-23 10:25:32] empire.memory3d DEBUG: 记忆形成: proactive_agent [episodic] Python 数据库连接...
[2026-05-23 10:25:32] empire.memory3d DEBUG: 注册触发规则: ['python'] -> 8d1e42d152
[2026-05-23 10:25:32] empire.memory3d DEBUG: 记忆形成: proactive_agent [episodic] Python 编程技巧...
[2026-05-23 10:25:32] empire.memory3d DEBUG: 记忆形成: proactive_agent [episodic] 数据库优化方案...
[2026-05-23 10:25:32] empire.memory3d DEBUG: 记忆形成: proactive_agent [episodic] Python 数据库连接...
[2026-05-23 10:25:32] empire.memory3d DEBUG: 注册触发规则: ['python'] -> 0c44db33d5
[2026-05-23 10:25:32] empire.memory3d DEBUG: 记忆形成: proactive_agent [episodic] Python 编程技巧...
[2026-05-23 10:25:32] empire.memory3d DEBUG: 记忆形成: proactive_agent [episodic] 数据库优化方案...
[2026-05-23 10:25:32] empire.memory3d DEBUG: 记忆形成: proactive_agent [episodic] Python 数据库连接...
[2026-05-23 10:25:32] empire.memory3d DEBUG: 注册触发规则: ['test'] -> 8fe5c7561e
[2026-05-23 10:25:32] empire.memory3d DEBUG: 记忆形成: proactive_agent [episodic] Python 编程技巧...
[2026-05-23 10:25:32] empire.memory3d DEBUG: 记忆形成: proactive_agent [episodic] 数据库优化方案...
[2026-05-23 10:25:32] empire.memory3d DEBUG: 记忆形成: proactive_agent [episodic] Python 数据库连接...
[2026-05-23 10:25:32] empire.memory3d DEBUG: 注册触发规则: ['python'] -> b7e671b58f
[2026-05-23 10:25:32] empire.memory3d DEBUG: 记忆形成: proactive_agent [episodic] Python 编程技巧...
[2026-05-23 10:25:32] empire.memory3d DEBUG: 记忆形成: proactive_agent [episodic] 数据库优化方案...
[2026-05-23 10:25:32] empire.memory3d DEBUG: 记忆形成: proactive_agent [episodic] Python 数据库连接...
[2026-05-23 10:25:32] empire.memory3d DEBUG: 注册触发规则: ['a'] -> 5e00969de2
[2026-05-23 10:25:32] empire.memory3d DEBUG: 注册触发规则: ['b'] -> b5797597f3
[2026-05-23 10:25:32] empire.memory3d DEBUG: 注册触发规则: ['c'] -> 01ab2386e7
[2026-05-23 10:25:32] empire.memory3d DEBUG: 记忆形成: proactive_agent [episodic] Python 编程技巧...
[2026-05-23 10:25:32] empire.memory3d DEBUG: 记忆形成: proactive_agent [episodic] 数据库优化方案...
[2026-05-23 10:25:32] empire.memory3d DEBUG: 记忆形成: proactive_agent [episodic] Python 数据库连接...
[2026-05-23 10:25:32] empire.memory3d DEBUG: 注册触发规则: ['a'] -> 48e582210b
[2026-05-23 10:25:32] empire.memory3d DEBUG: 注册触发规则: ['b'] -> 810b9560ca
[2026-05-23 10:25:32] empire.memory3d DEBUG: 记忆形成: proactive_agent [episodic] Python 编程技巧...
[2026-05-23 10:25:32] empire.memory3d DEBUG: 记忆形成: proactive_agent [episodic] 数据库优化方案...
[2026-05-23 10:25:32] empire.memory3d DEBUG: 记忆形成: proactive_agent [episodic] Python 数据库连接...
[2026-05-23 10:25:32] empire.memory3d DEBUG: 注册触发规则: ['python', '编程'] -> 500c4f0334
[2026-05-23 10:25:32] empire.memory3d DEBUG: 注册触发规则: ['database'] -> cd3ce58cb6
[2026-05-23 10:25:32] empire.memory3d DEBUG: 记忆形成: proactive_agent [episodic] Python 编程技巧...
[2026-05-23 10:25:32] empire.memory3d DEBUG: 记忆形成: proactive_agent [episodic] 数据库优化方案...
[2026-05-23 10:25:32] empire.memory3d DEBUG: 记忆形成: proactive_agent [episodic] Python 数据库连接...
[2026-05-23 10:25:32] empire.memory3d DEBUG: 注册触发规则: ['python'] -> c3271b64cf
[2026-05-23 10:25:32] empire.memory3d DEBUG: 记忆形成: proactive_agent [episodic] Python 编程技巧...
[2026-05-23 10:25:32] empire.memory3d DEBUG: 记忆形成: proactive_agent [episodic] 数据库优化方案...
[2026-05-23 10:25:32] empire.memory3d DEBUG: 记忆形成: proactive_agent [episodic] Python 数据库连接...
[2026-05-23 10:25:32] empire.memory3d DEBUG: 注册触发规则: ['quantum', 'physics'] -> 11fcdeb0a5
[2026-05-23 10:25:32] empire.memory3d DEBUG: 记忆形成: proactive_agent [episodic] Python 编程技巧...
[2026-05-23 10:25:32] empire.memory3d DEBUG: 记忆形成: proactive_agent [episodic] 数据库优化方案...
[2026-05-23 10:25:32] empire.memory3d DEBUG: 记忆形成: proactive_agent [episodic] Python 数据库连接...
[2026-05-23 10:25:32] empire.memory3d DEBUG: 注册触发规则: ['python'] -> Python trigger
[2026-05-23 10:25:32] empire.memory3d DEBUG: 记忆形成: proactive_agent [episodic] Python 编程技巧...
[2026-05-23 10:25:32] empire.memory3d DEBUG: 记忆形成: proactive_agent [episodic] 数据库优化方案...
[2026-05-23 10:25:32] empire.memory3d DEBUG: 记忆形成: proactive_agent [episodic] Python 数据库连接...
[2026-05-23 10:25:32] empire.memory3d DEBUG: 注册触发规则: ['python', 'coding'] -> 979673d7a8
[2026-05-23 10:25:32] empire.memory3d DEBUG: 记忆形成: proactive_agent [episodic] Python 编程技巧...
[2026-05-23 10:25:32] empire.memory3d DEBUG: 记忆形成: proactive_agent [episodic] 数据库优化方案...
[2026-05-23 10:25:32] empire.memory3d DEBUG: 记忆形成: proactive_agent [episodic] Python 数据库连接...
[2026-05-23 10:25:32] empire.memory3d DEBUG: 注册触发规则: ['python'] -> d7472d839f
[2026-05-23 10:25:32] empire.memory3d DEBUG: 注册触发规则: ['python', '编程'] -> 66e8222f1e
[2026-05-23 10:25:32] empire.memory3d DEBUG: 记忆形成: proactive_agent [episodic] Python 编程技巧...
[2026-05-23 10:25:32] empire.memory3d DEBUG: 记忆形成: proactive_agent [episodic] 数据库优化方案...
[2026-05-23 10:25:32] empire.memory3d DEBUG: 记忆形成: proactive_agent [episodic] Python 数据库连接...
[2026-05-23 10:25:32] empire.memory3d DEBUG: 注册触发规则: ['python', '编程'] -> Python 相关
[2026-05-23 10:25:32] empire.memory3d DEBUG: 记忆形成: proactive_agent [episodic] Python 编程技巧...
[2026-05-23 10:25:32] empire.memory3d DEBUG: 记忆形成: proactive_agent [episodic] 数据库优化方案...
[2026-05-23 10:25:32] empire.memory3d DEBUG: 记忆形成: proactive_agent [episodic] Python 数据库连接...
[2026-05-23 10:25:32] empire.memory3d DEBUG: 注册触发规则: ['test'] -> fd0e9ab009
[2026-05-23 10:25:32] empire.memory3d DEBUG: 记忆形成: proactive_agent [episodic] Python 编程技巧...
[2026-05-23 10:25:32] empire.memory3d DEBUG: 记忆形成: proactive_agent [episodic] 数据库优化方案...
[2026-05-23 10:25:32] empire.memory3d DEBUG: 记忆形成: proactive_agent [episodic] Python 数据库连接...
[2026-05-23 10:25:32] empire.memory3d DEBUG: 注册触发规则: ['python'] -> d3216d9bb9
